"","tripdate","dow","targetcommunity","numpickups","drivers","waitingtime"
"1","2014-01-02",4,8,167,338,9.55833333333333
"2","2014-01-02",4,28,114,331,9.54034582132565
"3","2014-01-02",4,32,112,315,9.66312594840668
"4","2014-01-02",4,33,8,221,14.6792452830189
"5","2014-01-03",5,8,181,458,10.9665924276169
"6","2014-01-03",5,28,142,455,11.0988636363636
"7","2014-01-03",5,32,115,448,11.4036144578313
"8","2014-01-03",5,33,16,320,15.2594752186589
"9","2014-01-06",1,8,199,417,10.8704402515723
"10","2014-01-06",1,28,112,411,11.042199488491
"11","2014-01-06",1,32,110,396,11.2469135802469
"12","2014-01-06",1,33,15,276,17.0679245283019
"13","2014-01-07",2,8,229,468,7.68534906588004
"14","2014-01-07",2,28,155,463,7.75173095944609
"15","2014-01-07",2,32,180,457,8.00824742268041
"16","2014-01-07",2,33,13,344,13.4814814814815
"17","2014-01-08",3,8,245,485,6.53374233128834
"18","2014-01-08",3,28,159,482,6.70716783216783
"19","2014-01-08",3,32,202,472,6.94459582198002
"20","2014-01-08",3,33,22,374,12.4080808080808
"21","2014-01-09",4,8,268,530,7.37377049180328
"22","2014-01-09",4,28,181,523,7.44324772162386
"23","2014-01-09",4,32,213,510,7.68256721595837
"24","2014-01-09",4,33,19,387,13.050193050193
"25","2014-01-10",5,8,265,575,8.88773747841105
"26","2014-01-10",5,28,152,566,8.98611111111111
"27","2014-01-10",5,32,186,550,9.12845673505798
"28","2014-01-10",5,33,29,423,15.0714285714286
"29","2014-01-13",1,8,246,538,10.5834165834166
"30","2014-01-13",1,28,120,530,10.4663316582915
"31","2014-01-13",1,32,141,513,10.6839872746554
"32","2014-01-13",1,33,17,379,14.6794871794872
"33","2014-01-14",2,8,271,612,9.82406639004149
"34","2014-01-14",2,28,153,609,10.1401869158879
"35","2014-01-14",2,32,187,597,10.3427561837456
"36","2014-01-14",2,33,18,446,15.8824786324786
"37","2014-01-15",3,8,283,653,8.49418604651163
"38","2014-01-15",3,28,209,643,8.48072727272727
"39","2014-01-15",3,32,208,626,8.68143621084798
"40","2014-01-15",3,33,22,482,13.8548951048951
"41","2014-01-16",4,8,313,656,8.56963890935888
"42","2014-01-16",4,28,195,653,8.45334313005143
"43","2014-01-16",4,32,219,640,8.62461773700306
"44","2014-01-16",4,33,26,505,13.8404255319149
"45","2014-01-17",5,8,314,643,8.75115207373272
"46","2014-01-17",5,28,182,640,8.90185471406492
"47","2014-01-17",5,32,203,630,9.03562753036437
"48","2014-01-17",5,33,21,474,14.3300970873786
"49","2014-01-21",2,8,232,447,6.35868544600939
"50","2014-01-21",2,28,173,443,5.50941619585687
"51","2014-01-21",2,32,161,435,6.60232783705141
"52","2014-01-21",2,33,23,348,12.0822222222222
"53","2014-01-22",3,8,293,647,8.10122921185828
"54","2014-01-22",3,28,215,647,8.00720461095101
"55","2014-01-22",3,32,220,632,8.08773234200743
"56","2014-01-22",3,33,16,490,13.4944178628389
"57","2014-01-23",4,8,299,641,7.25790921595598
"58","2014-01-23",4,28,252,645,7.28668941979522
"59","2014-01-23",4,32,228,635,7.43088857545839
"60","2014-01-23",4,33,15,510,12.2426470588235
"61","2014-01-24",5,8,328,670,7.62508474576271
"62","2014-01-24",5,28,215,671,7.72897196261682
"63","2014-01-24",5,32,244,654,7.90509420795534
"64","2014-01-24",5,33,27,500,13.3817619783617
"65","2014-01-27",1,8,299,595,10.0128205128205
"66","2014-01-27",1,28,169,593,9.84152542372881
"67","2014-01-27",1,32,165,586,9.90584132519616
"68","2014-01-27",1,33,15,433,14.9680170575693
"69","2014-01-28",2,8,346,721,9.40983606557377
"70","2014-01-28",2,28,231,716,9.10794297352342
"71","2014-01-28",2,32,190,699,9.4288777698356
"72","2014-01-28",2,33,22,508,14.7473867595819
"73","2014-01-29",3,8,305,662,7.55042016806723
"74","2014-01-29",3,28,207,655,7.68442906574394
"75","2014-01-29",3,32,236,635,7.89622641509434
"76","2014-01-29",3,33,25,503,12.7980922098569
"77","2014-01-30",4,8,328,671,8.86915887850467
"78","2014-01-30",4,28,197,670,8.73773987206823
"79","2014-01-30",4,32,216,656,8.96821877309682
"80","2014-01-30",4,33,19,484,14.2607142857143
"81","2014-01-31",5,8,326,683,9.90242057488654
"82","2014-01-31",5,28,181,676,9.74542682926829
"83","2014-01-31",5,32,188,659,9.95096463022508
"84","2014-01-31",5,33,19,490,15.5110220440882
"85","2014-02-03",1,8,279,576,7.35803497085762
"86","2014-02-03",1,28,194,569,7.42310889443059
"87","2014-02-03",1,32,172,554,7.62337662337662
"88","2014-02-03",1,33,23,399,11.8654244306418
"89","2014-02-04",2,8,304,664,9.27002288329519
"90","2014-02-04",2,28,187,657,9.35790273556231
"91","2014-02-04",2,32,210,647,9.49043062200957
"92","2014-02-04",2,33,21,497,14.8649706457926
"93","2014-02-05",3,8,176,408,6.69462365591398
"94","2014-02-05",3,28,149,401,6.54506892895016
"95","2014-02-05",3,32,177,388,6.84399551066218
"96","2014-02-05",3,33,14,305,11.7863636363636
"97","2014-02-06",4,8,316,662,8.44049346879536
"98","2014-02-06",4,28,198,669,8.19829424307036
"99","2014-02-06",4,32,237,651,8.39526276831976
"100","2014-02-06",4,33,27,503,13.0994940978078
"101","2014-02-07",5,8,318,630,6.62395543175488
"102","2014-02-07",5,28,210,631,6.20920785375762
"103","2014-02-07",5,32,251,621,6.27692307692308
"104","2014-02-07",5,33,24,484,11.2791068580542
"105","2014-02-10",1,8,288,646,9.000777000777
"106","2014-02-10",1,28,220,645,8.94431554524362
"107","2014-02-10",1,32,206,628,9.10573042776433
"108","2014-02-10",1,33,19,473,13.8407871198569
"109","2014-02-11",2,8,309,708,8.74249825540823
"110","2014-02-11",2,28,198,705,8.60824742268041
"111","2014-02-11",2,32,236,696,8.80796586059744
"112","2014-02-11",2,33,22,556,13.4828711256117
"113","2014-02-12",3,8,328,789,10.3951449763992
"114","2014-02-12",3,28,209,782,10.197705802969
"115","2014-02-12",3,32,215,770,10.2188153310105
"116","2014-02-12",3,33,24,575,14.8215434083601
"117","2014-02-13",4,8,301,727,9.36620739666425
"118","2014-02-13",4,28,193,711,9.35208181154127
"119","2014-02-13",4,32,212,693,9.61737804878049
"120","2014-02-13",4,33,32,523,13.6902985074627
"121","2014-02-14",5,8,320,676,9.85141158989599
"122","2014-02-14",5,28,193,665,9.85093632958801
"123","2014-02-14",5,32,206,650,10.2567783094099
"124","2014-02-14",5,33,21,470,14.2
"125","2014-02-17",1,8,172,440,13.0963414634146
"126","2014-02-17",1,28,127,431,13.0300375469337
"127","2014-02-17",1,32,132,418,13.0107382550336
"128","2014-02-17",1,33,10,294,15.7357859531773
"129","2014-02-18",2,8,240,551,8.33859649122807
"130","2014-02-18",2,28,177,552,8.42017543859649
"131","2014-02-18",2,32,184,536,8.62844036697248
"132","2014-02-18",2,33,24,409,13.9785407725322
"133","2014-02-19",3,8,308,662,10.1816109422492
"134","2014-02-19",3,28,188,666,10.160447761194
"135","2014-02-19",3,32,220,654,10.4092331768388
"136","2014-02-19",3,33,26,502,15.8882783882784
"137","2014-02-20",4,8,308,641,8.22110552763819
"138","2014-02-20",4,28,219,717,7.86605981794538
"139","2014-02-20",4,32,301,703,8.01204013377926
"140","2014-02-20",4,33,39,565,13.1040540540541
"141","2014-02-21",5,8,302,563,8.23380992430614
"142","2014-02-21",5,28,193,635,7.42488954344624
"143","2014-02-21",5,32,272,624,7.54524714828897
"144","2014-02-21",5,33,35,499,12.2353870458136
"145","2014-02-24",1,8,303,647,9.04812030075188
"146","2014-02-24",1,28,223,648,9.1539039039039
"147","2014-02-24",1,32,191,637,9.35871271585557
"148","2014-02-24",1,33,24,483,13.2715596330275
"149","2014-02-25",2,8,330,723,9.99081920903955
"150","2014-02-25",2,28,202,714,10.0766475644699
"151","2014-02-25",2,32,201,697,10.1780415430267
"152","2014-02-25",2,33,20,538,14.4761904761905
"153","2014-02-26",3,8,343,726,7.89338471419396
"154","2014-02-26",3,28,219,726,7.95219885277247
"155","2014-02-26",3,32,250,710,8.12483399734396
"156","2014-02-26",3,33,22,547,13.0482654600302
"157","2014-02-27",4,8,375,793,8.328173374613
"158","2014-02-27",4,28,240,793,8.15500603136309
"159","2014-02-27",4,32,260,781,8.36233685518956
"160","2014-02-27",4,33,33,603,13.640625
"161","2014-02-28",5,8,319,705,9.58350803633823
"162","2014-02-28",5,28,227,703,9.63243626062323
"163","2014-02-28",5,32,207,693,9.73913043478261
"164","2014-02-28",5,33,15,540,14.8125
"165","2014-03-03",1,8,256,610,9.10370994940978
"166","2014-03-03",1,28,202,634,8.96031746031746
"167","2014-03-03",1,32,193,620,9.0081499592502
"168","2014-03-03",1,33,27,480,14.0682226211849
"169","2014-03-04",2,8,301,684,10.16
"170","2014-03-04",2,28,210,713,9.83153347732181
"171","2014-03-04",2,32,198,694,9.96237772761475
"172","2014-03-04",2,33,24,527,14.6427406199021
"173","2014-03-05",3,8,201,512,7.22796081923419
"174","2014-03-05",3,28,202,531,7.23514211886305
"175","2014-03-05",3,32,238,513,7.42058562555457
"176","2014-03-05",3,33,18,415,11.5
"177","2014-03-06",4,8,324,685,8.48366477272727
"178","2014-03-06",4,28,195,695,8.22777777777778
"179","2014-03-06",4,32,241,680,8.35
"180","2014-03-06",4,33,19,531,13.4856230031949
"181","2014-03-07",5,8,282,634,9.62418831168831
"182","2014-03-07",5,28,199,627,9.68811881188119
"183","2014-03-07",5,32,197,614,9.87521663778163
"184","2014-03-07",5,33,18,454,15.5663157894737
"185","2014-03-10",1,8,267,629,9.00171821305842
"186","2014-03-10",1,28,184,623,8.8932536293766
"187","2014-03-10",1,32,156,607,9.30297565374211
"188","2014-03-10",1,33,24,441,13.8179824561404
"189","2014-03-11",2,8,320,701,10.606015037594
"190","2014-03-11",2,28,193,701,10.6148648648649
"191","2014-03-11",2,32,187,688,10.8088119590873
"192","2014-03-11",2,33,26,529,15.1425992779783
"193","2014-03-12",3,8,344,704,8.05512909979065
"194","2014-03-12",3,28,229,704,8.68204053109713
"195","2014-03-12",3,32,196,689,8.96974169741697
"196","2014-03-12",3,33,30,529,14.3432055749129
"197","2014-03-13",4,8,333,739,9.04422253922967
"198","2014-03-13",4,28,207,744,8.92636746143057
"199","2014-03-13",4,32,237,728,9.19617927994122
"200","2014-03-13",4,33,26,559,14.3603305785124
"201","2014-03-14",5,8,335,671,9.79438543247344
"202","2014-03-14",5,28,190,708,9.64841498559078
"203","2014-03-14",5,32,235,682,9.8678955453149
"204","2014-03-14",5,33,31,519,15.1881720430108
"205","2014-03-17",1,8,302,520,7.94826048171276
"206","2014-03-17",1,28,161,600,7.26493108728943
"207","2014-03-17",1,32,262,589,7.50794912559618
"208","2014-03-17",1,33,33,462,11.468438538206
"209","2014-03-18",2,8,276,525,8.14207149404216
"210","2014-03-18",2,28,176,569,6.83236514522822
"211","2014-03-18",2,32,239,553,6.91789109766638
"212","2014-03-18",2,33,42,438,10.2504708097928
"213","2014-03-19",3,8,334,679,7.71716469770674
"214","2014-03-19",3,28,225,689,7.36081081081081
"215","2014-03-19",3,32,250,674,7.57865168539326
"216","2014-03-19",3,33,26,523,12.7462908011869
"217","2014-03-20",4,8,336,735,8.9946949602122
"218","2014-03-20",4,28,226,731,8.86109238031018
"219","2014-03-20",4,32,232,709,9.19030898876404
"220","2014-03-20",4,33,16,551,13.7664576802508
"221","2014-03-21",5,8,278,655,10.2779136104319
"222","2014-03-21",5,28,175,646,10.8082987551867
"223","2014-03-21",5,32,184,634,10.9083837510804
"224","2014-03-21",5,33,18,460,16.1587982832618
"225","2014-03-24",1,8,302,668,10.3439440993789
"226","2014-03-24",1,28,204,702,10.01329394387
"227","2014-03-24",1,32,211,691,10.2893129770992
"228","2014-03-24",1,33,29,527,14.4801381692573
"229","2014-03-25",2,8,322,697,9.63500373971578
"230","2014-03-25",2,28,203,690,9.6777358490566
"231","2014-03-25",2,32,193,677,9.7443137254902
"232","2014-03-25",2,33,24,517,15.2979515828678
"233","2014-03-26",3,8,335,732,10.5028571428571
"234","2014-03-26",3,28,202,726,10.6021818181818
"235","2014-03-26",3,32,212,711,10.6625766871166
"236","2014-03-26",3,33,18,532,15.7005649717514
"237","2014-03-27",4,8,325,739,9.0763358778626
"238","2014-03-27",4,28,213,748,8.99108367626886
"239","2014-03-27",4,32,219,731,9.08726752503576
"240","2014-03-27",4,33,20,574,12.4192546583851
"241","2014-03-28",5,8,324,741,8.49143248800548
"242","2014-03-28",5,28,190,751,8.48719676549865
"243","2014-03-28",5,32,247,737,8.65395480225989
"244","2014-03-28",5,33,24,555,15.6032786885246
"245","2014-03-31",1,8,261,596,12.396299902629
"246","2014-03-31",1,28,142,636,12.3963133640553
"247","2014-03-31",1,32,174,623,12.6417475728155
"248","2014-03-31",1,33,23,492,16.2540415704388
"249","2014-04-01",2,8,344,664,10.4648854961832
"250","2014-04-01",2,28,198,717,10.3472022955524
"251","2014-04-01",2,32,208,705,10.3945022288262
"252","2014-04-01",2,33,38,548,14.6352530541012
"253","2014-04-02",3,8,297,683,11.1911880409127
"254","2014-04-02",3,28,180,687,10.3072148952676
"255","2014-04-02",3,32,208,672,10.4510603588907
"256","2014-04-02",3,33,35,505,14.207171314741
"257","2014-04-04",5,8,359,771,10.1719833564494
"258","2014-04-04",5,28,214,765,10.3296167247387
"259","2014-04-04",5,32,231,750,10.6040905770636
"260","2014-04-04",5,33,19,551,16.2230347349177
"261","2014-04-07",1,8,289,686,9.98723064644852
"262","2014-04-07",1,28,191,713,10.0505836575875
"263","2014-04-07",1,32,195,696,10.1678951678952
"264","2014-04-07",1,33,22,530,16.2862669245648
"265","2014-04-08",2,8,386,739,9.81332408049965
"266","2014-04-08",2,28,177,787,9.53236459709379
"267","2014-04-08",2,32,223,771,9.64996568291009
"268","2014-04-08",2,33,32,601,15.2263157894737
"269","2014-04-09",3,8,354,692,9.98431665421957
"270","2014-04-09",3,28,177,735,9.38456237077877
"271","2014-04-09",3,32,251,726,9.59814418272662
"272","2014-04-09",3,33,29,561,14.1351791530945
"273","2014-04-10",4,8,307,659,9.58145363408521
"274","2014-04-10",4,28,177,668,9.52960259529603
"275","2014-04-10",4,32,191,657,9.67144060657119
"276","2014-04-10",4,33,28,526,13.6895161290323
"277","2014-04-11",5,8,346,684,11.5326433121019
"278","2014-04-11",5,28,161,691,11.2826771653543
"279","2014-04-11",5,32,195,675,11.4621087314662
"280","2014-04-11",5,33,39,487,15.4626262626263
"281","2014-04-14",1,8,325,737,9.00269541778976
"282","2014-04-14",1,28,239,741,8.83168316831683
"283","2014-04-14",1,32,249,732,8.9147920927062
"284","2014-04-14",1,33,29,570,14.1384136858476
"285","2014-04-15",2,8,336,747,9.32477446217904
"286","2014-04-15",2,28,237,770,9.07215104517869
"287","2014-04-15",2,32,243,753,9.17400419287212
"288","2014-04-15",2,33,32,589,13.5862068965517
"289","2014-04-16",3,8,352,746,10.0911640953717
"290","2014-04-16",3,28,213,757,10.3450899031812
"291","2014-04-16",3,32,211,740,10.4241329479769
"292","2014-04-16",3,33,23,573,15.4220338983051
"293","2014-04-17",4,8,334,727,8.91317144959529
"294","2014-04-17",4,28,202,733,8.82637362637363
"295","2014-04-17",4,32,217,722,9.03587786259542
"296","2014-04-17",4,33,33,544,10.5313588850174
"297","2014-04-18",5,8,242,515,14.6225165562914
"298","2014-04-18",5,28,127,513,14.9152348224513
"299","2014-04-18",5,32,143,497,15.0929951690821
"300","2014-04-18",5,33,18,361,17.7294117647059
"301","2014-04-21",1,8,228,565,7.07660878447395
"302","2014-04-21",1,28,164,560,7.25236593059937
"303","2014-04-21",1,32,145,548,8.15350389321468
"304","2014-04-21",1,33,18,389,13.9652406417112
"305","2014-04-22",2,8,269,727,11.2313030069391
"306","2014-04-22",2,28,192,721,11.2467028704422
"307","2014-04-22",2,32,199,705,11.5483071841453
"308","2014-04-22",2,33,21,529,15.4837398373984
"309","2014-04-23",3,8,307,727,10.8129079042785
"310","2014-04-23",3,28,201,721,11.0272861356932
"311","2014-04-23",3,32,201,709,11.1643518518519
"312","2014-04-23",3,33,21,554,15.2613636363636
"313","2014-04-24",4,8,364,730,8.64124293785311
"314","2014-04-24",4,28,235,778,8.54569713142095
"315","2014-04-24",4,32,235,765,8.69993021632938
"316","2014-04-24",4,33,21,602,13.955766192733
"317","2014-04-25",5,8,359,680,8.47311827956989
"318","2014-04-25",5,28,176,683,7.4840858623242
"319","2014-04-25",5,32,205,666,7.55712050078247
"320","2014-04-25",5,33,33,476,10.9846449136276
"321","2014-04-28",1,8,368,695,7.80753701211306
"322","2014-04-28",1,28,218,709,7.51791530944625
"323","2014-04-28",1,32,246,701,7.76315789473684
"324","2014-04-28",1,33,21,535,12.8041237113402
"325","2014-04-29",2,8,322,689,10.2621283255086
"326","2014-04-29",2,28,170,701,10.1277566539924
"327","2014-04-29",2,32,211,686,10.2661354581673
"328","2014-04-29",2,33,26,524,13.8043052837573
"329","2014-04-30",3,8,308,711,9.93265007320644
"330","2014-04-30",3,28,215,714,9.92257597684515
"331","2014-04-30",3,32,224,699,10.0803906836965
"332","2014-04-30",3,33,30,534,15.7364746945899
"333","2014-05-01",4,8,368,754,8.61093247588424
"334","2014-05-01",4,28,209,754,8.62082262210797
"335","2014-05-01",4,32,264,727,8.68720696584059
"336","2014-05-01",4,33,20,555,13.4414976599064
"337","2014-05-02",5,8,310,726,9.67947788252357
"338","2014-05-02",5,28,183,718,9.89485458612975
"339","2014-05-02",5,32,213,695,10.1194620253165
"340","2014-05-02",5,33,24,507,15.705078125
"341","2014-05-05",1,8,294,639,9.1650406504065
"342","2014-05-05",1,28,175,695,8.71994025392084
"343","2014-05-05",1,32,228,685,8.88071262587142
"344","2014-05-05",1,33,29,539,12.5926573426573
"345","2014-05-06",2,8,269,610,7.24413553431798
"346","2014-05-06",2,28,178,675,6.51808176100629
"347","2014-05-06",2,32,208,656,6.61303630363036
"348","2014-05-06",2,33,45,538,12.2735191637631
"349","2014-05-07",3,8,315,728,8.45493871665465
"350","2014-05-07",3,28,188,727,8.3922967189729
"351","2014-05-07",3,32,234,713,8.60610573343261
"352","2014-05-07",3,33,31,526,13.2581818181818
"353","2014-05-08",4,8,340,691,7.85253456221198
"354","2014-05-08",4,28,194,686,7.77616501145913
"355","2014-05-08",4,32,209,667,7.79269261318507
"356","2014-05-08",4,33,29,485,11.4243027888446
"357","2014-05-09",5,8,307,665,7.08658623136977
"358","2014-05-09",5,28,200,655,7.16523605150215
"359","2014-05-09",5,32,271,638,7.30357142857143
"360","2014-05-09",5,33,25,480,12.9685430463576
"361","2014-05-12",1,8,268,637,10.2345248474281
"362","2014-05-12",1,28,157,623,10.3503127792672
"363","2014-05-12",1,32,177,604,10.5886194029851
"364","2014-05-12",1,33,22,434,15.8444444444444
"365","2014-05-13",2,8,314,679,9.3079200592154
"366","2014-05-13",2,28,188,681,9.25166051660517
"367","2014-05-13",2,32,212,666,9.3822188449848
"368","2014-05-13",2,33,28,520,15.3157894736842
"369","2014-05-14",3,8,373,668,9.12797619047619
"370","2014-05-14",3,28,153,670,9.21555555555556
"371","2014-05-14",3,32,221,658,9.34073506891271
"372","2014-05-14",3,33,25,488,15.8302658486708
"373","2014-05-16",5,8,334,745,6.29526281635302
"374","2014-05-16",5,28,222,758,6.1712158808933
"375","2014-05-16",5,32,313,741,6.30265716137395
"376","2014-05-16",5,33,37,582,13.1434599156118
"377","2014-05-19",1,8,275,511,7.6830985915493
"378","2014-05-19",1,28,135,589,7.57372654155496
"379","2014-05-19",1,32,232,571,8.5009328358209
"380","2014-05-19",1,33,30,454,11.7620967741935
"381","2014-05-20",2,8,351,603,7.97110332749562
"382","2014-05-20",2,28,156,688,7.89072327044025
"383","2014-05-20",2,32,215,677,8.07567127746135
"384","2014-05-20",2,33,31,542,13.6026871401152
"385","2014-05-21",3,8,325,628,7.50422751729439
"386","2014-05-21",3,28,157,652,7.46637102734664
"387","2014-05-21",3,32,229,636,7.49464012251149
"388","2014-05-21",3,33,23,479,12.3346303501946
"389","2014-05-22",4,8,281,577,8.92895204262877
"390","2014-05-22",4,28,143,599,8.69276595744681
"391","2014-05-22",4,32,220,587,8.83790965456156
"392","2014-05-22",4,33,26,451,11.9725490196078
"393","2014-05-23",5,8,249,594,12.5863821138211
"394","2014-05-23",5,28,138,587,11.5272914521112
"395","2014-05-23",5,32,157,569,11.7554585152838
"396","2014-05-23",5,33,17,396,16.6476683937824
"397","2014-05-27",2,8,260,584,11.0928909952607
"398","2014-05-27",2,28,149,589,11.3374524714829
"399","2014-05-27",2,32,158,569,11.6767371601208
"400","2014-05-27",2,33,19,409,15.38199513382
"401","2014-05-28",3,8,293,671,11.7281067556297
"402","2014-05-28",3,28,144,679,11.7260616153206
"403","2014-05-28",3,32,206,664,12.1480496453901
"404","2014-05-28",3,33,20,507,15.9804347826087
"405","2014-05-29",4,8,311,724,11.1185647425897
"406","2014-05-29",4,28,162,727,11.1602814698984
"407","2014-05-29",4,32,188,719,11.4809407948094
"408","2014-05-29",4,33,19,559,16.4678714859438
"409","2014-05-30",5,8,321,715,10.3442892358258
"410","2014-05-30",5,28,126,739,10.2872928176796
"411","2014-05-30",5,32,233,726,10.4450819672131
"412","2014-05-30",5,33,31,538,15.9713701431493
"413","2014-06-02",1,8,284,533,8.22872340425532
"414","2014-06-02",1,28,123,634,7.66218637992832
"415","2014-06-02",1,32,215,619,7.69750231267345
"416","2014-06-02",1,33,50,477,13.9769392033543
"417","2014-06-03",2,8,253,563,8.29895931882687
"418","2014-06-03",2,28,150,582,8.07522123893805
"419","2014-06-03",2,32,234,573,8.2037037037037
"420","2014-06-03",2,33,34,448,13.7039215686275
"421","2014-06-04",3,8,382,804,8.38418430884184
"422","2014-06-04",3,28,224,798,8.23694029850746
"423","2014-06-04",3,32,263,790,8.3525641025641
"424","2014-06-04",3,33,25,581,13.080118694362
"425","2014-06-05",4,8,342,733,9.55797101449275
"426","2014-06-05",4,28,174,728,9.68459837877671
"427","2014-06-05",4,32,228,713,9.69412662090008
"428","2014-06-05",4,33,14,537,13.6660516605166
"429","2014-06-06",5,8,271,639,10.6747614917606
"430","2014-06-06",5,28,155,629,10.6986899563319
"431","2014-06-06",5,32,192,608,10.8975297346752
"432","2014-06-06",5,33,29,462,15.0538793103448
"433","2014-06-09",1,8,332,717,9.26506899055919
"434","2014-06-09",1,28,163,721,9.14163701067616
"435","2014-06-09",1,32,257,701,9.19689119170985
"436","2014-06-09",1,33,28,413,12.4385245901639
"437","2014-06-11",3,8,331,647,8.40332805071315
"438","2014-06-11",3,28,176,745,8.19675599435825
"439","2014-06-11",3,32,305,734,8.3036496350365
"440","2014-06-11",3,33,33,533,12.7303921568627
"441","2014-06-12",4,8,319,649,9.42156074014481
"442","2014-06-12",4,28,174,719,9.01827485380117
"443","2014-06-12",4,32,284,704,9.03851963746223
"444","2014-06-12",4,33,40,557,13.6748768472906
"445","2014-06-13",5,8,271,593,9.74052478134111
"446","2014-06-13",5,28,109,608,10.0106899902818
"447","2014-06-13",5,32,184,588,10.1561224489796
"448","2014-06-13",5,33,25,433,16.5880758807588
"449","2014-06-16",1,8,256,634,10.2868490732568
"450","2014-06-16",1,28,156,630,10.3291366906475
"451","2014-06-16",1,32,183,622,10.5587121212121
"452","2014-06-16",1,33,24,451,15.4434589800443
"453","2014-06-17",2,8,307,745,10.8594847775176
"454","2014-06-17",2,28,194,753,10.6458492003046
"455","2014-06-17",2,32,206,741,10.6269716088328
"456","2014-06-17",2,33,29,543,15.2977941176471
"457","2014-06-18",3,8,357,792,10.3733518390007
"458","2014-06-18",3,28,200,807,10.1697341513292
"459","2014-06-18",3,32,244,796,10.3307365439093
"460","2014-06-18",3,33,27,596,14.5112651646447
"461","2014-06-19",4,8,325,676,9.64046692607004
"462","2014-06-19",4,28,192,700,9.43231114435303
"463","2014-06-19",4,32,234,680,9.55651491365777
"464","2014-06-19",4,33,27,521,14.1805054151625
"465","2014-06-20",5,8,325,657,10.4046627810158
"466","2014-06-20",5,28,170,677,10.2162379421222
"467","2014-06-20",5,32,217,663,10.3983333333333
"468","2014-06-20",5,33,40,485,12.9696356275304
"469","2014-06-23",1,8,282,700,10.1222130470685
"470","2014-06-23",1,28,159,691,9.8704
"471","2014-06-23",1,32,205,680,10.106048053024
"472","2014-06-23",1,33,27,520,15.7987679671458
"473","2014-06-24",2,8,324,712,9.54826546003017
"474","2014-06-24",2,28,185,738,9.46806966618287
"475","2014-06-24",2,32,204,730,9.67870579382995
"476","2014-06-24",2,33,27,581,14.3299145299145
"477","2014-06-25",3,8,346,746,10.2494415487714
"478","2014-06-25",3,28,192,767,10.0446043165468
"479","2014-06-25",3,32,215,748,10.0342516753537
"480","2014-06-25",3,33,18,579,14.6103202846975
"481","2014-06-26",4,8,377,714,10.4920754716981
"482","2014-06-26",4,28,163,760,10.0721288515406
"483","2014-06-26",4,32,229,743,10.1758321273517
"484","2014-06-26",4,33,33,560,14.6510791366906
"485","2014-06-27",5,8,323,601,11.8990476190476
"486","2014-06-27",5,28,146,630,11.0806310254163
"487","2014-06-27",5,32,175,619,11.3957952468007
"488","2014-06-27",5,33,27,469,15.621978021978
"489","2014-06-30",1,8,251,636,11.8719785138765
"490","2014-06-30",1,28,139,627,12.038961038961
"491","2014-06-30",1,32,159,611,12.2259332023576
"492","2014-06-30",1,33,19,427,15.4586288416076
"493","2014-07-01",2,8,243,563,12.112077294686
"494","2014-07-01",2,28,140,555,12.0882352941176
"495","2014-07-01",2,32,148,541,12.1382868937048
"496","2014-07-01",2,33,22,391,15.4728132387707
"497","2014-07-02",3,8,247,616,13.4319029850746
"498","2014-07-02",3,28,136,608,13.5474095796676
"499","2014-07-02",3,32,163,589,13.6663190823775
"500","2014-07-02",3,33,22,411,16.7060367454068
"501","2014-07-03",4,8,194,507,12.9389671361502
"502","2014-07-03",4,28,100,500,12.9658952496955
"503","2014-07-03",4,32,132,483,14.0339869281046
"504","2014-07-03",4,33,12,330,15.4579439252336
"505","2014-07-07",1,8,217,587,11.0020060180542
"506","2014-07-07",1,28,137,578,11.2745302713987
"507","2014-07-07",1,32,158,567,11.2309392265193
"508","2014-07-07",1,33,14,424,14.9675675675676
"509","2014-07-08",2,8,280,665,10.0791489361702
"510","2014-07-08",2,28,144,661,10.0783807062877
"511","2014-07-08",2,32,176,651,10.0519247985676
"512","2014-07-08",2,33,22,480,12.0531914893617
"513","2014-07-09",3,8,270,680,11.2715627668659
"514","2014-07-09",3,28,161,669,11.1960447119518
"515","2014-07-09",3,32,190,658,11.4690026954178
"516","2014-07-09",3,33,27,472,15.9917012448133
"517","2014-07-10",4,8,299,687,9.99505358615004
"518","2014-07-10",4,28,166,704,9.29635627530364
"519","2014-07-10",4,32,180,684,9.24299065420561
"520","2014-07-10",4,33,30,512,13.9707724425887
"521","2014-07-11",5,8,278,656,10.6586666666667
"522","2014-07-11",5,28,130,657,10.6239855725879
"523","2014-07-11",5,32,169,645,10.8854961832061
"524","2014-07-11",5,33,24,457,16.256038647343
"525","2014-07-14",1,8,325,640,9.56738768718802
"526","2014-07-14",1,28,160,639,9.57095980311731
"527","2014-07-14",1,32,188,621,9.65437392795883
"528","2014-07-14",1,33,21,440,14.8724832214765
"529","2014-07-15",2,8,320,734,10.9799382716049
"530","2014-07-15",2,28,172,733,10.8917050691244
"531","2014-07-15",2,32,176,722,11.0756972111554
"532","2014-07-15",2,33,18,516,15.2768595041322
"533","2014-07-16",3,8,335,700,10.5837879968823
"534","2014-07-16",3,28,168,715,10.4180576631259
"535","2014-07-16",3,32,223,702,10.5877742946708
"536","2014-07-16",3,33,16,546,15.9251968503937
"537","2014-07-17",4,8,316,675,8.69976171564734
"538","2014-07-17",4,28,166,681,8.69482071713147
"539","2014-07-17",4,32,191,663,8.71688741721854
"540","2014-07-17",4,33,15,493,11.2851153039832
"541","2014-07-18",5,8,281,644,11.958110516934
"542","2014-07-18",5,28,140,650,11.9159212880143
"543","2014-07-18",5,32,181,637,12.2279202279202
"544","2014-07-18",5,33,24,473,16.2334905660377
"545","2014-07-21",1,8,258,653,10.2282608695652
"546","2014-07-21",1,28,154,655,9.41027953110911
"547","2014-07-21",1,32,169,638,9.58413001912046
"548","2014-07-21",1,33,17,468,13.8196721311475
"549","2014-07-22",2,8,287,680,11.3069806560135
"550","2014-07-22",2,28,158,690,11.5312760633862
"551","2014-07-22",2,32,205,677,11.6721883173496
"552","2014-07-22",2,33,25,496,15.9288793103448
"553","2014-07-23",3,8,330,638,10.6051571313457
"554","2014-07-23",3,28,165,636,10.5922887612797
"555","2014-07-23",3,32,217,624,10.6855452240068
"556","2014-07-23",3,33,21,476,15.2262156448203
"557","2014-07-24",4,8,318,692,10.1334405144695
"558","2014-07-24",4,28,153,684,10.0859691808597
"559","2014-07-24",4,32,200,667,10.2616426756986
"560","2014-07-24",4,33,21,494,15.859649122807
"561","2014-07-25",5,8,300,663,10.8616666666667
"562","2014-07-25",5,28,145,661,10.8787878787879
"563","2014-07-25",5,32,187,646,11.020390070922
"564","2014-07-25",5,33,21,488,16.2359550561798
"565","2014-07-28",1,8,230,462,8.89978213507625
"566","2014-07-28",1,28,113,475,8.72670807453416
"567","2014-07-28",1,32,173,463,9.10509209100758
"568","2014-07-28",1,33,29,355,14.2536231884058
"569","2014-07-29",2,8,302,657,10.4274873524452
"570","2014-07-29",2,28,165,708,10.1578947368421
"571","2014-07-29",2,32,233,693,10.2384
"572","2014-07-29",2,33,29,546,14.939446366782
"573","2014-07-30",3,8,329,707,9.91044776119403
"574","2014-07-30",3,28,169,723,9.95198170731707
"575","2014-07-30",3,32,228,709,9.99363564041368
"576","2014-07-30",3,33,31,556,14.5088028169014
"577","2014-07-31",4,8,303,654,10.4965811965812
"578","2014-07-31",4,28,158,664,10.2896265560166
"579","2014-07-31",4,32,211,654,10.4102341717259
"580","2014-07-31",4,33,34,488,14.4325955734406
"581","2014-08-01",5,8,288,631,11.4447345517842
"582","2014-08-01",5,28,140,624,11.525243578388
"583","2014-08-01",5,32,168,607,11.6961429915334
"584","2014-08-01",5,33,22,450,15.9925925925926
"585","2014-08-04",1,8,274,574,10.8571428571429
"586","2014-08-04",1,28,178,576,10.7695984703633
"587","2014-08-04",1,32,158,560,10.9298780487805
"588","2014-08-04",1,33,14,419,15.9012345679012
"589","2014-08-05",2,8,289,652,11.2941659819228
"590","2014-08-05",2,28,177,648,11.1229372937294
"591","2014-08-05",2,32,194,634,11.3220779220779
"592","2014-08-05",2,33,17,471,15.3591397849462
"593","2014-08-06",3,8,295,698,12.0582922824302
"594","2014-08-06",3,28,167,684,12.0807136788445
"595","2014-08-06",3,32,189,671,12.313829787234
"596","2014-08-06",3,33,18,499,16.1747787610619
"597","2014-08-07",4,8,285,697,11.0251256281407
"598","2014-08-07",4,28,177,691,11.0789915966387
"599","2014-08-07",4,32,168,680,11.2660792951542
"600","2014-08-07",4,33,22,524,14.7350427350427
"601","2014-08-08",5,8,308,624,12.2017699115044
"602","2014-08-08",5,28,136,629,12.4977538185085
"603","2014-08-08",5,32,151,605,12.8527131782946
"604","2014-08-08",5,33,23,420,17.6181318681319
"605","2014-08-11",1,8,280,631,10.8716852010265
"606","2014-08-11",1,28,167,630,10.8791018998273
"607","2014-08-11",1,32,185,611,11.049001814882
"608","2014-08-11",1,33,16,463,15.1128668171558
"609","2014-08-12",2,8,312,677,10.6061806656101
"610","2014-08-12",2,28,188,682,10.2482213438735
"611","2014-08-12",2,32,176,669,10.4364089775561
"612","2014-08-12",2,33,16,517,16.1781970649895
"613","2014-08-13",3,8,311,655,9.51294903926483
"614","2014-08-13",3,28,144,661,9.34197324414716
"615","2014-08-13",3,32,172,649,9.41412380122058
"616","2014-08-13",3,33,24,473,15.1318681318681
"617","2014-08-14",4,8,337,688,11.2574750830565
"618","2014-08-14",4,28,170,705,10.9411764705882
"619","2014-08-14",4,32,169,690,11.0976430976431
"620","2014-08-14",4,33,18,518,13.7804347826087
"621","2014-08-15",5,8,277,603,10.4478417266187
"622","2014-08-15",5,28,140,604,10.2535714285714
"623","2014-08-15",5,32,190,593,10.4812382739212
"624","2014-08-15",5,33,18,458,16.6698113207547
"625","2014-08-18",1,8,240,633,11.6829710144928
"626","2014-08-18",1,28,141,628,11.6772684752105
"627","2014-08-18",1,32,149,617,12.0414201183432
"628","2014-08-18",1,33,17,464,16.7040572792363
"629","2014-08-19",2,8,307,704,11.7799671592775
"630","2014-08-19",2,28,157,706,11.6741479634248
"631","2014-08-19",2,32,175,689,11.7820069204152
"632","2014-08-19",2,33,20,510,16.3347639484979
"633","2014-08-20",3,8,337,666,9.2336227308603
"634","2014-08-20",3,28,152,662,9.30513833992095
"635","2014-08-20",3,32,201,647,9.42105263157895
"636","2014-08-20",3,33,21,492,16.016632016632
"637","2014-08-21",4,8,373,752,7.15577889447236
"638","2014-08-21",4,28,242,748,6.80631188118812
"639","2014-08-21",4,32,287,736,6.95428571428571
"640","2014-08-21",4,33,14,577,11.5915875169607
"641","2014-08-22",5,8,291,606,9.46885521885522
"642","2014-08-22",5,28,172,604,8.37948290241868
"643","2014-08-22",5,32,192,589,8.45891608391608
"644","2014-08-22",5,33,24,438,13.0945945945946
"645","2014-08-25",1,8,246,620,11.2322404371585
"646","2014-08-25",1,28,165,645,10.954465849387
"647","2014-08-25",1,32,158,628,11.1455868971793
"648","2014-08-25",1,33,21,475,15.3367346938776
"649","2014-08-26",2,8,287,635,10.1520068317677
"650","2014-08-26",2,28,150,632,10.3459552495697
"651","2014-08-26",2,32,176,625,10.4567350579839
"652","2014-08-26",2,33,23,474,16.5911111111111
"653","2014-08-27",3,8,284,665,10.5116092874299
"654","2014-08-27",3,28,174,658,10.580487804878
"655","2014-08-27",3,32,176,647,10.8620102214651
"656","2014-08-27",3,33,19,485,15.5330396475771
"657","2014-08-28",4,8,300,618,9.9823677581864
"658","2014-08-28",4,28,164,618,9.81335616438356
"659","2014-08-28",4,32,180,602,10.0400363967243
"660","2014-08-28",4,33,16,466,13.3849557522124
"661","2014-08-29",5,8,211,568,13.369978858351
"662","2014-08-29",5,28,118,559,13.7433920704846
"663","2014-08-29",5,32,125,546,14.0446533490012
"664","2014-08-29",5,33,14,381,18.2959501557632
"665","2014-09-02",2,8,253,526,10.5645645645646
"666","2014-09-02",2,28,130,524,10.6777442094663
"667","2014-09-02",2,32,157,511,10.8240252897787
"668","2014-09-02",2,33,13,356,16.145251396648
"669","2014-09-03",3,8,270,638,11.5251101321586
"670","2014-09-03",3,28,138,641,11.5419642857143
"671","2014-09-03",3,32,172,627,11.7614165890028
"672","2014-09-03",3,33,12,480,14.0402684563758
"673","2014-09-04",4,8,300,750,8.8622668579627
"674","2014-09-04",4,28,196,765,8.49719887955182
"675","2014-09-04",4,32,201,748,8.77680525164114
"676","2014-09-04",4,33,23,584,13.4645669291339
"677","2014-09-05",5,8,299,642,10.3224181360202
"678","2014-09-05",5,28,149,654,10.4975165562914
"679","2014-09-05",5,32,192,640,10.8283712784588
"680","2014-09-05",5,33,27,478,16.1088888888889
"681","2014-09-08",1,8,273,526,8.39609053497942
"682","2014-09-08",1,28,140,635,8.48141592920354
"683","2014-09-08",1,32,218,618,8.56803652968036
"684","2014-09-08",1,33,18,499,14.5517928286853
"685","2014-09-09",2,8,342,651,9.5
"686","2014-09-09",2,28,180,751,9.1242816091954
"687","2014-09-09",2,32,242,738,9.28784489187174
"688","2014-09-09",2,33,25,579,14.2216666666667
"689","2014-09-10",3,8,311,630,7.26186830015314
"690","2014-09-10",3,28,189,710,6.85578876100203
"691","2014-09-10",3,32,347,697,6.9471488178025
"692","2014-09-10",3,33,41,545,11.5516795865633
"693","2014-09-11",4,8,327,634,9.67493796526055
"694","2014-09-11",4,28,181,718,9.50628233555063
"695","2014-09-11",4,32,235,709,9.63546423135464
"696","2014-09-11",4,33,25,577,14.5487804878049
"697","2014-09-12",5,8,319,628,9.13349514563107
"698","2014-09-12",5,28,163,683,8.78947368421053
"699","2014-09-12",5,32,280,663,8.87975174553918
"700","2014-09-12",5,33,37,514,13.8803571428571
"701","2014-09-15",1,8,265,574,9.26221079691517
"702","2014-09-15",1,28,181,573,9.09021276595745
"703","2014-09-15",1,32,187,551,9.35593220338983
"704","2014-09-15",1,33,26,425,14.4528301886792
"705","2014-09-16",2,8,310,704,10.1741071428571
"706","2014-09-16",2,28,192,717,10.0810611643331
"707","2014-09-16",2,32,202,700,10.2986913010008
"708","2014-09-16",2,33,25,534,14.3290909090909
"709","2014-09-17",3,8,343,645,8.6523101018011
"710","2014-09-17",3,28,169,648,8.59734167318217
"711","2014-09-17",3,32,222,634,8.72083668543845
"712","2014-09-17",3,33,24,480,13.9495145631068
"713","2014-09-18",4,8,369,680,10.0022156573117
"714","2014-09-18",4,28,172,691,9.76889214966985
"715","2014-09-18",4,32,223,677,9.99696279422931
"716","2014-09-18",4,33,25,517,14.6764132553606
"717","2014-09-19",5,8,332,609,8.34290540540541
"718","2014-09-19",5,28,164,602,8.32857142857143
"719","2014-09-19",5,32,196,589,8.49692712906058
"720","2014-09-19",5,33,21,430,14.369710467706
"721","2014-09-22",1,8,287,606,10.6757000903342
"722","2014-09-22",1,28,145,632,10.6076595744681
"723","2014-09-22",1,32,189,617,10.8177777777778
"724","2014-09-22",1,33,27,474,14.8438133874239
"725","2014-09-23",2,8,349,685,10.2372611464968
"726","2014-09-23",2,28,170,703,10.0871212121212
"727","2014-09-23",2,32,210,693,10.376572327044
"728","2014-09-23",2,33,24,543,15.6584905660377
"729","2014-09-24",3,8,272,605,9.6235807860262
"730","2014-09-24",3,28,156,604,9.68248490077653
"731","2014-09-24",3,32,227,591,9.73584905660377
"732","2014-09-24",3,33,28,472,14.8279352226721
"733","2014-09-25",4,8,329,703,10.8422273781903
"734","2014-09-25",4,28,172,701,10.7807900852053
"735","2014-09-25",4,32,201,685,11.0543565147882
"736","2014-09-25",4,33,27,525,15.6925996204934
"737","2014-09-26",5,8,287,660,13.0791556728232
"738","2014-09-26",5,28,132,676,13.1801405975395
"739","2014-09-26",5,32,175,656,13.2365988909427
"740","2014-09-26",5,33,24,483,16.7132701421801
"741","2014-09-29",1,8,283,558,10.624154589372
"742","2014-09-29",1,28,135,585,10.3925657298277
"743","2014-09-29",1,32,182,564,10.6219864995178
"744","2014-09-29",1,33,21,411,15.1654846335697
"745","2014-09-30",2,8,303,599,8.85296506904955
"746","2014-09-30",2,28,173,632,8.76738794435858
"747","2014-09-30",2,32,240,622,8.95219123505976
"748","2014-09-30",2,33,22,509,14.440074906367
"749","2014-10-01",3,8,285,597,9.46782608695652
"750","2014-10-01",3,28,155,610,9.29007633587786
"751","2014-10-01",3,32,212,593,9.39679715302491
"752","2014-10-01",3,33,20,460,15.1566820276498
"753","2014-10-02",4,8,341,699,9.61981566820277
"754","2014-10-02",4,28,163,702,9.58484848484848
"755","2014-10-02",4,32,235,690,9.68214004720692
"756","2014-10-02",4,33,26,503,15.2110453648915
"757","2014-10-03",5,8,316,626,8.70849571317225
"758","2014-10-03",5,28,155,617,8.5429899302866
"759","2014-10-03",5,32,247,601,8.71280827366746
"760","2014-10-03",5,33,23,454,15.0572519083969
"761","2014-10-06",1,8,298,600,10.390665514261
"762","2014-10-06",1,28,178,598,10.2991304347826
"763","2014-10-06",1,32,187,581,10.7130996309963
"764","2014-10-06",1,33,19,427,15.5310344827586
"765","2014-10-07",2,8,328,682,10.6467432950192
"766","2014-10-07",2,28,169,692,10.7962121212121
"767","2014-10-07",2,32,211,673,10.818253968254
"768","2014-10-07",2,33,26,486,15.64375
"769","2014-10-08",3,8,335,706,9.33357717629846
"770","2014-10-08",3,28,184,720,9.37824207492795
"771","2014-10-08",3,32,227,701,9.41896938013443
"772","2014-10-08",3,33,21,528,15.7771428571429
"773","2014-10-09",4,8,335,670,9.81458966565349
"774","2014-10-09",4,28,177,675,9.94834232845027
"775","2014-10-09",4,32,205,661,10.1291364003228
"776","2014-10-09",4,33,27,504,14.7017208413002
"777","2014-10-10",5,8,301,617,10.7594594594595
"778","2014-10-10",5,28,141,632,10.8582816651904
"779","2014-10-10",5,32,194,610,11.0779944289694
"780","2014-10-10",5,33,32,440,16.2605633802817
"781","2014-10-13",1,8,232,497,11.5854800936768
"782","2014-10-13",1,28,123,510,11.3827586206897
"783","2014-10-13",1,32,162,500,11.5054151624549
"784","2014-10-13",1,33,20,372,16.5361445783133
"785","2014-10-14",2,8,318,617,7.24112426035503
"786","2014-10-14",2,28,211,616,7.19648093841642
"787","2014-10-14",2,32,262,606,7.44578313253012
"788","2014-10-14",2,33,30,480,12.4891304347826
"789","2014-10-15",3,8,336,678,9.43433602347762
"790","2014-10-15",3,28,212,686,9.48602941176471
"791","2014-10-15",3,32,213,673,9.50456621004566
"792","2014-10-15",3,33,30,520,15.0836298932384
"793","2014-10-16",4,8,361,686,9.63448275862069
"794","2014-10-16",4,28,187,699,9.45014880952381
"795","2014-10-16",4,32,219,686,9.70146945088941
"796","2014-10-16",4,33,29,531,15.1323251417769
"797","2014-10-17",5,8,307,619,9.59781696053736
"798","2014-10-17",5,28,148,648,9.05516705516706
"799","2014-10-17",5,32,236,639,9.22008032128514
"800","2014-10-17",5,33,29,501,14.6061855670103
"801","2014-10-20",1,8,258,527,9.71517027863777
"802","2014-10-20",1,28,133,574,8.95115452930728
"803","2014-10-20",1,32,223,554,9.08364312267658
"804","2014-10-20",1,33,37,425,13.9320987654321
"805","2014-10-21",2,8,323,541,8.4321206743567
"806","2014-10-21",2,28,146,594,8.08265802269044
"807","2014-10-21",2,32,219,581,8.1781512605042
"808","2014-10-21",2,33,30,440,13.06640625
"809","2014-10-22",3,8,312,631,9.93817878028404
"810","2014-10-22",3,28,166,641,9.90984284532672
"811","2014-10-22",3,32,214,628,10.2427101200686
"812","2014-10-22",3,33,28,479,14.7058823529412
"813","2014-10-23",4,8,327,685,9.41341653666147
"814","2014-10-23",4,28,175,692,9.55676516329705
"815","2014-10-23",4,32,221,681,9.6121308858739
"816","2014-10-23",4,33,25,521,13.8884462151394
"817","2014-10-24",5,8,299,611,10.943345323741
"818","2014-10-24",5,28,148,603,10.8870822041554
"819","2014-10-24",5,32,194,592,11.0718336483932
"820","2014-10-24",5,33,23,445,15.9290953545232
"821","2014-10-27",1,8,251,593,12.2678386763185
"822","2014-10-27",1,28,139,630,12.0508149568552
"823","2014-10-27",1,32,159,617,12.277
"824","2014-10-27",1,33,38,473,16.5322195704057
"825","2014-10-28",2,8,342,658,10.7132471728595
"826","2014-10-28",2,28,168,706,10.3256333830104
"827","2014-10-28",2,32,212,694,10.3693138010794
"828","2014-10-28",2,33,28,541,16.068093385214
"829","2014-10-29",3,8,337,674,9.71865203761755
"830","2014-10-29",3,28,184,718,9.28602305475504
"831","2014-10-29",3,32,223,703,9.44519015659955
"832","2014-10-29",3,33,33,536,15.1864406779661
"833","2014-10-30",4,8,353,661,9.69063004846527
"834","2014-10-30",4,28,171,679,9.65836575875486
"835","2014-10-30",4,32,205,667,9.86374695863747
"836","2014-10-30",4,33,32,499,15.3247863247863
"837","2014-10-31",5,8,322,647,10.7757774140753
"838","2014-10-31",5,28,180,677,10.5944664031621
"839","2014-10-31",5,32,213,662,10.8385245901639
"840","2014-10-31",5,33,22,501,15.7565922920893
"841","2014-11-03",1,8,270,507,10.7842046718576
"842","2014-11-03",1,28,143,634,10.0112464854733
"843","2014-11-03",1,32,200,626,10.1364956437561
"844","2014-11-03",1,33,19,479,14.7572383073497
"845","2014-11-04",2,8,306,574,10.1244019138756
"846","2014-11-04",2,28,169,716,9.39463299131807
"847","2014-11-04",2,32,260,700,10.26688364524
"848","2014-11-04",2,33,29,540,14.1860036832413
"849","2014-11-05",3,8,286,559,9.36439888164026
"850","2014-11-05",3,28,142,622,8.96571428571429
"851","2014-11-05",3,32,289,610,9.09527824620573
"852","2014-11-05",3,33,34,473,13.7232142857143
"853","2014-11-06",4,8,334,653,8.51202482544608
"854","2014-11-06",4,28,171,676,8.32888888888889
"855","2014-11-06",4,32,258,659,8.44043043812452
"856","2014-11-06",4,33,24,505,14.1592128801431
"857","2014-11-07",5,8,341,680,11.2044728434505
"858","2014-11-07",5,28,170,677,11.1942215088283
"859","2014-11-07",5,32,211,671,11.3369474562135
"860","2014-11-07",5,33,20,481,15.6141552511416
"861","2014-11-10",1,8,254,597,11.3823529411765
"862","2014-11-10",1,28,137,584,10.7575757575758
"863","2014-11-10",1,32,161,571,11.7854209445585
"864","2014-11-10",1,33,15,396,13.8093994778068
"865","2014-11-11",2,8,293,601,12.4679543459175
"866","2014-11-11",2,28,122,596,12.5027027027027
"867","2014-11-11",2,32,166,580,12.6244131455399
"868","2014-11-11",2,33,11,412,16.9314720812183
"869","2014-11-12",3,8,350,753,10.3214814814815
"870","2014-11-12",3,28,176,769,10.1614771904417
"871","2014-11-12",3,32,219,751,11.0121212121212
"872","2014-11-12",3,33,20,551,15.3791821561338
"873","2014-11-13",4,8,369,755,9.96127717391304
"874","2014-11-13",4,28,232,768,10.0423671822461
"875","2014-11-13",4,32,245,757,10.1260445682451
"876","2014-11-13",4,33,22,573,14.7529215358932
"877","2014-11-14",5,8,289,683,9.86612903225806
"878","2014-11-14",5,28,182,688,9.70518867924528
"879","2014-11-14",5,32,233,677,10.0008230452675
"880","2014-11-14",5,33,29,504,14.884765625
"881","2014-11-17",1,8,311,597,9.12916666666667
"882","2014-11-17",1,28,188,633,9.01641907740422
"883","2014-11-17",1,32,226,624,9.24306688417618
"884","2014-11-17",1,33,35,458,14.0207939508507
"885","2014-11-18",2,8,286,564,6.75922953451043
"886","2014-11-18",2,28,206,594,6.4344262295082
"887","2014-11-18",2,32,255,578,6.54992319508449
"888","2014-11-18",2,33,38,447,12.3833333333333
"889","2014-11-19",3,8,306,660,8.50111690245719
"890","2014-11-19",3,28,204,671,8.52910832719234
"891","2014-11-19",3,32,242,657,8.72192513368984
"892","2014-11-19",3,33,34,505,13.7477638640429
"893","2014-11-20",4,8,366,777,9.3816120906801
"894","2014-11-20",4,28,228,772,9.34157160963245
"895","2014-11-20",4,32,249,754,9.41025641025641
"896","2014-11-20",4,33,22,586,13.9147286821705
"897","2014-11-21",5,8,337,724,9.4135231316726
"898","2014-11-21",5,28,216,721,9.43081312410842
"899","2014-11-21",5,32,237,705,9.66221232368226
"900","2014-11-21",5,33,24,532,14.0688468158348
"901","2014-11-24",1,8,328,722,10.0915593705293
"902","2014-11-24",1,28,219,711,10.1260932944606
"903","2014-11-24",1,32,216,695,10.2074752097635
"904","2014-11-24",1,33,19,482,12.8969258589512
"905","2014-11-25",2,8,247,654,12.2557544757033
"906","2014-11-25",2,28,170,649,12.2614601018676
"907","2014-11-25",2,32,191,629,12.4424460431655
"908","2014-11-25",2,33,26,445,16.1395833333333
"909","2014-11-26",3,8,196,503,15.7119244391972
"910","2014-11-26",3,28,117,503,15.7417380660955
"911","2014-11-26",3,32,125,492,16.1174934725849
"912","2014-11-26",3,33,8,350,18.281045751634
"913","2014-12-01",1,8,304,576,10.6302131603336
"914","2014-12-01",1,28,194,684,10.8267842822775
"915","2014-12-01",1,32,211,670,10.9218487394958
"916","2014-12-01",1,33,36,528,14.5716945996276
"917","2014-12-02",2,8,317,668,10.2294303797468
"918","2014-12-02",2,28,187,793,9.43365253077975
"919","2014-12-02",2,32,261,782,9.66666666666667
"920","2014-12-02",2,33,38,613,14.3783359497645
"921","2014-12-03",3,8,335,621,8.80015432098766
"922","2014-12-03",3,28,193,693,8.45998608211552
"923","2014-12-03",3,32,284,680,8.53658536585366
"924","2014-12-03",3,33,30,540,13.4613003095975
"925","2014-12-04",4,8,326,658,9.9656862745098
"926","2014-12-04",4,28,175,691,9.70187265917603
"927","2014-12-04",4,32,245,674,9.94675019577134
"928","2014-12-04",4,33,31,521,14.2894736842105
"929","2014-12-05",5,8,268,556,8.76237623762376
"930","2014-12-05",5,28,163,561,8.65221162185603
"931","2014-12-05",5,32,224,545,8.76322869955157
"932","2014-12-05",5,33,29,412,14.231884057971
"933","2014-12-08",1,8,317,673,9.39663988312637
"934","2014-12-08",1,28,224,670,9.44257498171178
"935","2014-12-08",1,32,194,653,9.55151515151515
"936","2014-12-08",1,33,30,482,13.9070567986231
"937","2014-12-09",2,8,307,757,10.8901651112706
"938","2014-12-09",2,28,208,751,10.7591660675773
"939","2014-12-09",2,32,245,738,10.935628742515
"940","2014-12-09",2,33,16,566,14.836974789916
"941","2014-12-10",3,8,341,729,10.6676470588235
"942","2014-12-10",3,28,208,725,10.656595431098
"943","2014-12-10",3,32,196,711,10.8
"944","2014-12-10",3,33,15,555,16.0866290018832
"945","2014-12-11",4,8,319,736,9.80988857938719
"946","2014-12-11",4,28,192,731,9.89536516853933
"947","2014-12-11",4,32,227,724,10.2298091042584
"948","2014-12-11",4,33,22,549,14.6438596491228
"949","2014-12-12",5,8,301,718,9.74025018395879
"950","2014-12-12",5,28,192,719,10.0732790525537
"951","2014-12-12",5,32,232,701,10.3109898674981
"952","2014-12-12",5,33,27,519,15.0915750915751
"953","2014-12-15",1,8,238,621,11.9524647887324
"954","2014-12-15",1,28,175,614,11.8593189964158
"955","2014-12-15",1,32,180,599,12.2262016965127
"956","2014-12-15",1,33,16,438,15.8580508474576
"957","2014-12-16",2,8,317,713,9.86666666666667
"958","2014-12-16",2,28,181,705,9.85871156661786
"959","2014-12-16",2,32,189,693,10.0169361046959
"960","2014-12-16",2,33,22,523,13.6629834254144
"961","2014-12-17",3,8,316,735,9.57406042741341
"962","2014-12-17",3,28,202,741,9.71104608632041
"963","2014-12-17",3,32,194,723,9.72789634146342
"964","2014-12-17",3,33,27,552,13.9216757741348
"965","2014-12-18",4,8,296,747,10.7747292418773
"966","2014-12-18",4,28,211,760,10.5657620041754
"967","2014-12-18",4,32,235,751,10.7825454545455
"968","2014-12-18",4,33,32,578,14.503300330033
"969","2014-12-19",5,8,303,715,10.7546296296296
"970","2014-12-19",5,28,190,722,10.8618320610687
"971","2014-12-19",5,32,205,708,11.110305958132
"972","2014-12-19",5,33,24,550,16.4046692607004
"973","2014-12-22",1,8,189,474,14.9240654205607
"974","2014-12-22",1,28,135,471,14.7978339350181
"975","2014-12-22",1,32,107,459,15.0397435897436
"976","2014-12-22",1,33,16,330,18.2159763313609
"977","2015-01-05",1,8,275,587,9.21590909090909
"978","2015-01-05",1,28,192,581,9.32423490488007
"979","2015-01-05",1,32,184,561,9.58731537793223
"980","2015-01-05",1,33,3,423,14.140625
"981","2015-01-06",2,8,266,579,8.37096774193548
"982","2015-01-06",2,28,199,578,8.43371522094926
"983","2015-01-06",2,32,189,565,8.48179508890771
"984","2015-01-06",2,33,14,439,14.1568228105906
"985","2015-01-07",3,8,272,700,9.61003861003861
"986","2015-01-07",3,28,185,699,9.51070336391437
"987","2015-01-07",3,32,198,689,9.71291866028708
"988","2015-01-07",3,33,18,525,15.0828729281768
"989","2015-01-08",4,8,348,713,7.51784511784512
"990","2015-01-08",4,28,203,712,7.51063829787234
"991","2015-01-08",4,32,264,702,7.58795345653662
"992","2015-01-08",4,33,17,539,12.8354037267081
"993","2015-01-09",5,8,310,701,8.11204481792717
"994","2015-01-09",5,28,214,691,8.12788259958071
"995","2015-01-09",5,32,220,675,8.28539985326486
"996","2015-01-09",5,33,21,496,13.6332737030411
"997","2015-01-12",1,8,214,559,7.95195729537367
"998","2015-01-12",1,28,193,572,7.6480686695279
"999","2015-01-12",1,32,191,559,7.78079710144928
"1000","2015-01-12",1,33,22,428,12.562015503876
"1001","2015-01-13",2,8,305,681,8.72178850248403
"1002","2015-01-13",2,28,222,684,8.45122807017544
"1003","2015-01-13",2,32,206,672,8.57060101375815
"1004","2015-01-13",2,33,17,494,12.927652733119
"1005","2015-01-14",3,8,302,680,8.34467776973208
"1006","2015-01-14",3,28,205,684,8.28713574982232
"1007","2015-01-14",3,32,234,666,8.49926035502959
"1008","2015-01-14",3,33,27,522,14.5058430717863
"1009","2015-01-15",4,8,283,664,8.14909090909091
"1010","2015-01-15",4,28,232,664,8.33309196234613
"1011","2015-01-15",4,32,237,656,8.54251316779533
"1012","2015-01-15",4,33,26,511,14.4940778341794
"1013","2015-01-16",5,8,275,635,10.5761589403974
"1014","2015-01-16",5,28,188,632,10.5771144278607
"1015","2015-01-16",5,32,188,615,10.7316433566434
"1016","2015-01-16",5,33,21,459,15.1761133603239
"1017","2015-01-20",2,8,282,713,10.7572964669739
"1018","2015-01-20",2,28,213,709,11.0541376643465
"1019","2015-01-20",2,32,175,696,11.2072580645161
"1020","2015-01-20",2,33,26,531,15.2003780718336
"1021","2015-01-21",3,8,289,685,10.5549450549451
"1022","2015-01-21",3,28,195,687,10.6771653543307
"1023","2015-01-21",3,32,206,675,10.8550247116969
"1024","2015-01-21",3,33,19,515,14.9011406844106
"1025","2015-01-22",4,8,307,772,10.1164431898377
"1026","2015-01-22",4,28,188,766,10.2385386819484
"1027","2015-01-22",4,32,203,746,10.4049217002237
"1028","2015-01-22",4,33,25,565,15.0759717314488
"1029","2015-01-23",5,8,286,688,10.9156908665105
"1030","2015-01-23",5,28,191,694,10.8624135280553
"1031","2015-01-23",5,32,192,682,11.1045380875203
"1032","2015-01-23",5,33,19,517,16.3907156673114
"1033","2015-01-26",1,8,365,666,9.66338880484115
"1034","2015-01-26",1,28,189,731,9.16131191432396
"1035","2015-01-26",1,32,285,714,9.29598893499309
"1036","2015-01-26",1,33,28,566,14.1632
"1037","2015-01-27",2,8,344,688,10.2340909090909
"1038","2015-01-27",2,28,192,726,9.7387323943662
"1039","2015-01-27",2,32,210,714,9.88269370021723
"1040","2015-01-27",2,33,31,571,14.7801418439716
"1041","2015-01-28",3,8,319,602,8.43775100401606
"1042","2015-01-28",3,28,206,614,8.24429223744292
"1043","2015-01-28",3,32,220,605,8.37045813586098
"1044","2015-01-28",3,33,25,474,13.3175438596491
"1045","2015-01-29",4,8,320,672,9.11162790697674
"1046","2015-01-29",4,28,184,684,8.90785498489426
"1047","2015-01-29",4,32,208,664,8.95472597299444
"1048","2015-01-29",4,33,32,494,13.0950639853748
"1049","2015-01-30",5,8,308,733,11.2192638997651
"1050","2015-01-30",5,28,172,739,11.0765110941086
"1051","2015-01-30",5,32,185,725,11.2942603071948
"1052","2015-01-30",5,33,25,538,15.6332046332046
"1053","2015-02-02",1,8,156,354,9.2746185852982
"1054","2015-02-02",1,28,97,361,8.9919028340081
"1055","2015-02-02",1,32,131,347,9.43548387096774
"1056","2015-02-02",1,33,16,250,14.1661129568106
"1057","2015-02-03",2,8,240,536,8.02935779816514
"1058","2015-02-03",2,28,171,528,7.84831970935513
"1059","2015-02-03",2,32,217,512,7.89895138226883
"1060","2015-02-03",2,33,16,393,12.3581780538302
"1061","2015-02-04",3,8,279,685,9.29012345679012
"1062","2015-02-04",3,28,191,680,9.24921875
"1063","2015-02-04",3,32,215,665,9.42845461978741
"1064","2015-02-04",3,33,29,508,12.8904593639576
"1065","2015-02-05",4,8,321,677,7.66272600834492
"1066","2015-02-05",4,28,214,669,7.6159169550173
"1067","2015-02-05",4,32,229,649,7.65561959654179
"1068","2015-02-05",4,33,20,499,12.9983164983165
"1069","2015-02-06",5,8,317,684,9.72588055130169
"1070","2015-02-06",5,28,173,682,9.68188736681887
"1071","2015-02-06",5,32,204,652,9.95326349717969
"1072","2015-02-06",5,33,23,474,14.7437379576108
"1073","2015-02-09",1,8,270,670,8.92169146436962
"1074","2015-02-09",1,28,199,668,9.09649805447471
"1075","2015-02-09",1,32,180,654,9.23170731707317
"1076","2015-02-09",1,33,25,499,14.8242990654206
"1077","2015-02-10",2,8,293,675,10.1387147335423
"1078","2015-02-10",2,28,182,675,10.048174048174
"1079","2015-02-10",2,32,167,661,10.2232142857143
"1080","2015-02-10",2,33,28,493,15.1753371868979
"1081","2015-02-11",3,8,303,705,9.790820165538
"1082","2015-02-11",3,28,208,704,9.8001514004542
"1083","2015-02-11",3,32,193,689,10.0143884892086
"1084","2015-02-11",3,33,30,499,15.1191806331471
"1085","2015-02-12",4,8,346,795,9.4251968503937
"1086","2015-02-12",4,28,242,801,9.23479948253557
"1087","2015-02-12",4,32,230,786,9.33244147157191
"1088","2015-02-12",4,33,24,599,14.3323529411765
"1089","2015-02-13",5,8,336,736,9.29502452697968
"1090","2015-02-13",5,28,203,734,8.98755186721992
"1091","2015-02-13",5,32,216,722,9.38686131386861
"1092","2015-02-13",5,33,35,544,13.2605752961083
"1093","2015-02-16",1,8,180,415,13.957182320442
"1094","2015-02-16",1,28,107,416,13.6615168539326
"1095","2015-02-16",1,32,100,410,13.7207602339181
"1096","2015-02-16",1,33,18,280,17.1
"1097","2015-02-17",2,8,264,637,10.1348039215686
"1098","2015-02-17",2,28,194,638,10.0658001624695
"1099","2015-02-17",2,32,182,621,10.2813559322034
"1100","2015-02-17",2,33,26,475,13.3147792706334
"1101","2015-02-18",3,8,311,741,9.16264645072364
"1102","2015-02-18",3,28,228,737,9.00274160383825
"1103","2015-02-18",3,32,233,720,9.12660944206009
"1104","2015-02-18",3,33,23,547,14.214983713355
"1105","2015-02-19",4,8,370,828,8.7848872638635
"1106","2015-02-19",4,28,260,829,8.73236889692586
"1107","2015-02-19",4,32,261,813,8.72879256965944
"1108","2015-02-19",4,33,39,624,12.7553191489362
"1109","2015-02-20",5,8,308,740,8.68836291913215
"1110","2015-02-20",5,28,247,741,8.5759534583064
"1111","2015-02-20",5,32,268,720,8.91712328767123
"1112","2015-02-20",5,33,30,555,13.5127819548872
"1113","2015-02-23",1,8,315,684,8.34359341445956
"1114","2015-02-23",1,28,229,679,8.34648493543759
"1115","2015-02-23",1,32,241,665,8.50856291883842
"1116","2015-02-23",1,33,11,486,13.1884297520661
"1117","2015-02-24",2,8,307,782,8.46016571064372
"1118","2015-02-24",2,28,246,779,8.47972116603295
"1119","2015-02-24",2,32,258,763,8.63684210526316
"1120","2015-02-24",2,33,29,580,13.3796033994334
"1121","2015-02-25",3,8,328,724,9.10996563573883
"1122","2015-02-25",3,28,236,733,9.03736413043478
"1123","2015-02-25",3,32,256,720,9.0924488355681
"1124","2015-02-25",3,33,17,550,13.8692913385827
"1125","2015-02-26",4,8,245,515,8.02513464991023
"1126","2015-02-26",4,28,157,560,7.32868852459016
"1127","2015-02-26",4,32,257,548,7.53162393162393
"1128","2015-02-26",4,33,38,410,12.0965391621129
"1129","2015-02-27",5,8,283,618,7.76637025060631
"1130","2015-02-27",5,28,177,671,7.07505360972123
"1131","2015-02-27",5,32,285,660,7.11535635562087
"1132","2015-02-27",5,33,30,527,11.4829192546584
"1133","2015-03-02",1,8,225,654,11.8195744680851
"1134","2015-03-02",1,28,178,654,11.8183376178235
"1135","2015-03-02",1,32,187,639,12.1559383499547
"1136","2015-03-02",1,33,24,474,15.5009708737864
"1137","2015-03-03",2,8,319,731,7.12262958280657
"1138","2015-03-03",2,28,242,719,7.20962634578847
"1139","2015-03-03",2,32,286,709,7.25278323510151
"1140","2015-03-03",2,33,20,535,9.99856733524355
"1141","2015-03-04",3,8,288,693,9.88727272727273
"1142","2015-03-04",3,28,197,702,9.78504672897196
"1143","2015-03-04",3,32,235,686,9.98572501878287
"1144","2015-03-04",3,33,21,541,14.6581632653061
"1145","2015-03-05",4,8,317,765,9.68988613529806
"1146","2015-03-05",4,28,208,781,9.73140223831468
"1147","2015-03-05",4,32,236,765,9.90834473324213
"1148","2015-03-05",4,33,27,603,14.7856025039124
"1149","2015-03-06",5,8,315,669,9.28265682656827
"1150","2015-03-06",5,28,225,702,8.97612359550562
"1151","2015-03-06",5,32,231,690,9.15278783490225
"1152","2015-03-06",5,33,34,518,13.5205930807249
"1153","2015-03-09",1,8,267,544,10.1658488714426
"1154","2015-03-09",1,28,169,601,9.26559865092749
"1155","2015-03-09",1,32,220,589,9.3989501312336
"1156","2015-03-09",1,33,36,449,14.3488372093023
"1157","2015-03-10",2,8,260,577,9.95806745670009
"1158","2015-03-10",2,28,187,637,9.60596026490066
"1159","2015-03-10",2,32,229,616,9.83447684391081
"1160","2015-03-10",2,33,31,483,14.9544626593807
"1161","2015-03-11",3,8,293,602,9.84544695071011
"1162","2015-03-11",3,28,181,592,9.91149710504549
"1163","2015-03-11",3,32,203,578,9.808911739503
"1164","2015-03-11",3,33,25,450,13.7895716945996
"1165","2015-03-12",4,8,304,732,10
"1166","2015-03-12",4,28,226,745,9.86823361823362
"1167","2015-03-12",4,32,212,725,10.1361926260346
"1168","2015-03-12",4,33,24,554,14.4123376623377
"1169","2015-03-13",5,8,279,632,10.9005102040816
"1170","2015-03-13",5,28,182,652,10.6750814332248
"1171","2015-03-13",5,32,196,641,10.8336162988115
"1172","2015-03-13",5,33,38,489,14.8260038240918
"1173","2015-03-16",1,8,232,583,11.4054580896686
"1174","2015-03-16",1,28,160,569,11.4810379241517
"1175","2015-03-16",1,32,154,560,11.6680584551148
"1176","2015-03-16",1,33,19,424,15.2071611253197
"1177","2015-03-17",2,8,326,748,9.84884534639608
"1178","2015-03-17",2,28,207,747,10.0866477272727
"1179","2015-03-17",2,32,215,735,10.1674074074074
"1180","2015-03-17",2,33,31,543,15.0385321100917
"1181","2015-03-18",3,8,273,606,9.77006688963211
"1182","2015-03-18",3,28,168,609,9.6630615640599
"1183","2015-03-18",3,32,199,593,9.69948186528497
"1184","2015-03-18",3,33,33,458,15.294
"1185","2015-03-19",4,8,300,666,9.9480415667466
"1186","2015-03-19",4,28,191,670,10.0365079365079
"1187","2015-03-19",4,32,190,663,10.3044554455446
"1188","2015-03-19",4,33,19,511,16.030487804878
"1189","2015-03-20",5,8,307,650,12.0296108291032
"1190","2015-03-20",5,28,151,665,11.7445923460899
"1191","2015-03-20",5,32,195,651,12.0113339145597
"1192","2015-03-20",5,33,23,457,15.5415730337079
"1193","2015-03-23",1,8,224,458,7.29609544468547
"1194","2015-03-23",1,28,150,543,7.18500948766603
"1195","2015-03-23",1,32,241,534,7.28152492668622
"1196","2015-03-23",1,33,31,418,10.0962264150943
"1197","2015-03-24",2,8,306,666,9.22324159021407
"1198","2015-03-24",2,28,200,718,9.10888252148997
"1199","2015-03-24",2,32,232,706,9.26249067859806
"1200","2015-03-24",2,33,33,557,14.4469453376206
"1201","2015-03-25",3,8,334,669,9.97838270616493
"1202","2015-03-25",3,28,184,693,9.88009223674097
"1203","2015-03-25",3,32,207,680,9.93987341772152
"1204","2015-03-25",3,33,29,525,15.5177570093458
"1205","2015-03-26",4,8,282,732,10.5232100708104
"1206","2015-03-26",4,28,191,747,10.5825688073394
"1207","2015-03-26",4,32,227,726,10.7568
"1208","2015-03-26",4,33,22,557,14.6964618249534
"1209","2015-03-27",5,8,279,612,9.68655462184874
"1210","2015-03-27",5,28,171,621,9.52766308835673
"1211","2015-03-27",5,32,216,608,9.61991341991342
"1212","2015-03-27",5,33,22,438,13.7524366471735
"1213","2015-03-30",1,8,222,586,12.3036072144289
"1214","2015-03-30",1,28,131,580,12.3367556468172
"1215","2015-03-30",1,32,159,571,12.5134264232009
"1216","2015-03-30",1,33,19,427,17.0186170212766
"1217","2015-03-31",2,8,280,670,12.3675
"1218","2015-03-31",2,28,153,664,12.3459595959596
"1219","2015-03-31",2,32,172,645,12.3987676056338
"1220","2015-03-31",2,33,21,471,16.7947598253275
"1221","2015-04-01",3,8,273,606,12.8576609247507
"1222","2015-04-01",3,28,130,605,13.0054945054945
"1223","2015-04-01",3,32,183,594,13.2127045235804
"1224","2015-04-01",3,33,20,422,17.6915662650602
"1225","2015-04-02",4,8,332,750,9.25920964501005
"1226","2015-04-02",4,28,223,742,9.29054054054054
"1227","2015-04-02",4,32,246,728,9.50662020905923
"1228","2015-04-02",4,33,15,560,14.0190476190476
"1229","2015-04-03",5,8,192,461,15.4046391752577
"1230","2015-04-03",5,28,93,486,15.488198757764
"1231","2015-04-03",5,32,131,472,15.6335078534031
"1232","2015-04-03",5,33,18,321,18.2077922077922
"1233","2015-04-06",1,8,204,573,12.2635416666667
"1234","2015-04-06",1,28,162,569,12.426906779661
"1235","2015-04-06",1,32,144,558,12.5033407572383
"1236","2015-04-06",1,33,13,390,16.6148148148148
"1237","2015-04-07",2,8,289,685,12.8168
"1238","2015-04-07",2,28,181,684,13.0686835650041
"1239","2015-04-07",2,32,178,673,13.0194915254237
"1240","2015-04-07",2,33,9,496,15.7274509803922
"1241","2015-04-08",3,8,311,684,12.3955342902711
"1242","2015-04-08",3,28,177,681,12.2701195219124
"1243","2015-04-08",3,32,201,675,12.2763695829926
"1244","2015-04-08",3,33,22,504,16.0590476190476
"1245","2015-04-09",4,8,355,776,9.24554455445545
"1246","2015-04-09",4,28,219,777,9.34617940199336
"1247","2015-04-09",4,32,233,765,9.54809688581315
"1248","2015-04-09",4,33,29,579,14.4380032206119
"1249","2015-04-10",5,8,283,710,11.5304
"1250","2015-04-10",5,28,174,726,11.6123727486296
"1251","2015-04-10",5,32,206,715,11.8016393442623
"1252","2015-04-10",5,33,27,525,14.1821631878558
"1253","2015-04-13",1,8,278,556,9.97988505747126
"1254","2015-04-13",1,28,172,676,9.42382495948136
"1255","2015-04-13",1,32,242,661,9.54568315171836
"1256","2015-04-13",1,33,38,516,14.520295202952
"1257","2015-04-14",2,8,300,595,11.087037037037
"1258","2015-04-14",2,28,178,737,9.73478587528174
"1259","2015-04-14",2,32,282,729,9.82063125481139
"1260","2015-04-14",2,33,28,572,13.1963087248322
"1261","2015-04-15",3,8,298,572,10.3248638838476
"1262","2015-04-15",3,28,176,689,9.62490211433046
"1263","2015-04-15",3,32,289,677,9.5896
"1264","2015-04-15",3,33,29,539,13.9005059021922
"1265","2015-04-16",4,8,277,602,8.82273112807464
"1266","2015-04-16",4,28,160,605,8.3217535153019
"1267","2015-04-16",4,32,250,595,8.52996575342466
"1268","2015-04-16",4,33,29,461,12.6481149012567
"1269","2015-04-17",5,8,287,636,10.9483488569009
"1270","2015-04-17",5,28,143,635,11.1255411255411
"1271","2015-04-17",5,32,187,625,11.3435251798561
"1272","2015-04-17",5,33,19,433,14.9818594104308
"1273","2015-04-20",1,8,278,606,9.78836424957841
"1274","2015-04-20",1,28,181,605,9.6753355704698
"1275","2015-04-20",1,32,174,594,9.94255874673629
"1276","2015-04-20",1,33,21,427,14.7222222222222
"1277","2015-04-21",2,8,299,680,11.1282660332542
"1278","2015-04-21",2,28,171,670,11.1529223378703
"1279","2015-04-21",2,32,204,655,11.2454394693201
"1280","2015-04-21",2,33,20,477,15.5551020408163
"1281","2015-04-22",3,8,296,716,9.28125
"1282","2015-04-22",3,28,197,708,9.32227138643068
"1283","2015-04-22",3,32,226,691,9.60648148148148
"1284","2015-04-22",3,33,13,533,14.4982269503546
"1285","2015-04-23",4,8,312,638,9.62315056570931
"1286","2015-04-23",4,28,153,683,9.55582524271845
"1287","2015-04-23",4,32,221,672,9.72787979966611
"1288","2015-04-23",4,33,25,505,15.0291828793774
"1289","2015-04-24",5,8,256,664,10.8962765957447
"1290","2015-04-24",5,28,158,678,10.6701208981002
"1291","2015-04-24",5,32,210,665,10.8415841584158
"1292","2015-04-24",5,33,17,477,14.2890792291221
"1293","2015-04-27",1,8,271,610,11.7115384615385
"1294","2015-04-27",1,28,188,609,11.6935933147632
"1295","2015-04-27",1,32,160,593,11.9123314065511
"1296","2015-04-27",1,33,21,410,16.2663438256659
"1297","2015-04-28",2,8,281,645,10.8854895104895
"1298","2015-04-28",2,28,150,641,10.9698581560284
"1299","2015-04-28",2,32,174,626,11.1038961038961
"1300","2015-04-28",2,33,18,465,13.8135593220339
"1301","2015-04-29",3,8,297,646,10.5921501706485
"1302","2015-04-29",3,28,179,648,10.295165394402
"1303","2015-04-29",3,32,195,639,10.6110623353819
"1304","2015-04-29",3,33,22,481,15.0572597137014
"1305","2015-04-30",4,8,324,684,10.2030888030888
"1306","2015-04-30",4,28,194,681,10.1384976525822
"1307","2015-04-30",4,32,214,665,10.3528932355338
"1308","2015-04-30",4,33,18,512,15.3991853360489
"1309","2015-05-01",5,8,324,595,10.5425246195166
"1310","2015-05-01",5,28,148,597,10.4343971631206
"1311","2015-05-01",5,32,215,587,10.6
"1312","2015-05-01",5,33,16,410,15.6607142857143
"1313","2015-05-04",1,8,254,574,10.3794117647059
"1314","2015-05-04",1,28,162,623,10.1496350364964
"1315","2015-05-04",1,32,219,606,10.2074569789675
"1316","2015-05-04",1,33,14,461,14.6736842105263
"1317","2015-05-05",2,8,279,619,8.77276456111567
"1318","2015-05-05",2,28,187,712,8.4341252699784
"1319","2015-05-05",2,32,258,694,8.45682656826568
"1320","2015-05-05",2,33,29,558,14.4060995184591
"1321","2015-05-06",3,8,343,656,9.02202989771833
"1322","2015-05-06",3,28,154,722,8.91886120996441
"1323","2015-05-06",3,32,265,708,9.02143385070214
"1324","2015-05-06",3,33,23,538,14.1215277777778
"1325","2015-05-07",4,8,319,635,10.6
"1326","2015-05-07",4,28,154,701,10.5730427764326
"1327","2015-05-07",4,32,229,686,10.7253756260434
"1328","2015-05-07",4,33,32,528,15.132183908046
"1329","2015-05-08",5,8,288,546,9.58236434108527
"1330","2015-05-08",5,28,143,560,9.60338345864662
"1331","2015-05-08",5,32,183,549,9.70501474926254
"1332","2015-05-08",5,33,25,421,14.7743362831858
"1333","2015-05-11",1,8,293,697,10.0367253251721
"1334","2015-05-11",1,28,194,696,10.0478764478764
"1335","2015-05-11",1,32,247,675,10.1912
"1336","2015-05-11",1,33,13,489,13.9616788321168
"1337","2015-05-12",2,8,338,688,10.1030392883617
"1338","2015-05-12",2,28,204,695,10.0841874084919
"1339","2015-05-12",2,32,202,684,10.1657834973505
"1340","2015-05-12",2,33,21,535,15.8264150943396
"1341","2015-05-13",3,8,332,657,10.0509554140127
"1342","2015-05-13",3,28,188,671,10.1374223602484
"1343","2015-05-13",3,32,199,659,10.2792937399679
"1344","2015-05-13",3,33,21,519,15.0943396226415
"1345","2015-05-14",4,8,326,667,9.88034188034188
"1346","2015-05-14",4,28,166,683,9.79134466769706
"1347","2015-05-14",4,32,238,668,9.85496794871795
"1348","2015-05-14",4,33,20,514,14.2830188679245
"1349","2015-05-15",5,8,280,588,10.0382106244175
"1350","2015-05-15",5,28,136,606,9.73758865248227
"1351","2015-05-15",5,32,207,600,9.86454545454546
"1352","2015-05-15",5,33,18,454,14.626582278481
"1353","2015-05-18",1,8,257,526,10.6351791530945
"1354","2015-05-18",1,28,150,611,10.0590994371482
"1355","2015-05-18",1,32,224,600,10.0925024342746
"1356","2015-05-18",1,33,19,466,14.6168421052632
"1357","2015-05-19",2,8,284,525,9.0511583011583
"1358","2015-05-19",2,28,160,593,8.84020618556701
"1359","2015-05-19",2,32,251,585,8.86115992970123
"1360","2015-05-19",2,33,23,443,13.5692883895131
"1361","2015-05-20",3,8,316,603,9.71922428330523
"1362","2015-05-20",3,28,156,635,9.42431561996779
"1363","2015-05-20",3,32,232,620,9.44472152950956
"1364","2015-05-20",3,33,36,472,14.612
"1365","2015-05-21",4,8,342,679,10.1401425178147
"1366","2015-05-21",4,28,172,720,9.55249441548771
"1367","2015-05-21",4,32,230,705,9.61984732824427
"1368","2015-05-21",4,33,24,513,14.0767790262172
"1369","2015-05-22",5,8,238,524,12.2342047930283
"1370","2015-05-22",5,28,117,520,12.2744444444444
"1371","2015-05-22",5,32,143,510,12.612676056338
"1372","2015-05-22",5,33,16,355,16.3470031545741
"1373","2015-05-26",2,8,224,592,12.1931166347992
"1374","2015-05-26",2,28,164,586,12.1825242718447
"1375","2015-05-26",2,32,186,574,12.2374749498998
"1376","2015-05-26",2,33,20,406,16.6206896551724
"1377","2015-05-27",3,8,283,643,12.9061662198391
"1378","2015-05-27",3,28,159,643,12.8867924528302
"1379","2015-05-27",3,32,160,634,13.1568075117371
"1380","2015-05-27",3,33,18,441,16.4543378995434
"1381","2015-05-28",4,8,314,684,10.5468622656887
"1382","2015-05-28",4,28,171,703,10.1889149102264
"1383","2015-05-28",4,32,216,693,10.4569589702333
"1384","2015-05-28",4,33,19,523,15.7267206477733
"1385","2015-05-29",5,8,314,697,11.1314516129032
"1386","2015-05-29",5,28,148,743,11.137103020914
"1387","2015-05-29",5,32,231,732,11.2976669348351
"1388","2015-05-29",5,33,33,548,14.8093457943925
"1389","2015-06-01",1,8,226,480,9.74885844748859
"1390","2015-06-01",1,28,132,603,9.45643939393939
"1391","2015-06-01",1,32,240,596,9.66764418377322
"1392","2015-06-01",1,33,38,462,13.9292929292929
"1393","2015-06-02",2,8,256,485,10.0830527497194
"1394","2015-06-02",2,28,115,538,9.25248508946322
"1395","2015-06-02",2,32,215,526,9.4042988741044
"1396","2015-06-02",2,33,29,417,13.8969298245614
"1397","2015-06-03",3,8,295,612,10.7161921708185
"1398","2015-06-03",3,28,164,692,10.6616
"1399","2015-06-03",3,32,243,678,10.8044371405094
"1400","2015-06-03",3,33,32,538,14.9890310786106
"1401","2015-06-04",4,8,329,620,10.3702090592334
"1402","2015-06-04",4,28,161,679,10.2492063492063
"1403","2015-06-04",4,32,211,671,10.3848039215686
"1404","2015-06-04",4,33,29,522,15.1023622047244
"1405","2015-06-05",5,8,289,604,10.8382352941176
"1406","2015-06-05",5,28,151,607,10.6715195632393
"1407","2015-06-05",5,32,168,595,10.7241054613936
"1408","2015-06-05",5,33,22,437,15.9090909090909
"1409","2015-06-08",1,8,241,548,12.7138554216867
"1410","2015-06-08",1,28,149,570,12.5935357492654
"1411","2015-06-08",1,32,171,556,12.8890041493776
"1412","2015-06-08",1,33,30,411,16.544776119403
"1413","2015-06-09",2,8,280,620,10.4849823321555
"1414","2015-06-09",2,28,166,674,10.1819658813972
"1415","2015-06-09",2,32,218,661,10.3268744734625
"1416","2015-06-09",2,33,19,520,15.2848722986248
"1417","2015-06-10",3,8,289,616,9.7239932885906
"1418","2015-06-10",3,28,165,667,9.40143655227454
"1419","2015-06-10",3,32,234,658,9.51480263157895
"1420","2015-06-10",3,33,19,502,14.8101761252446
"1421","2015-06-11",4,8,281,585,9.80956678700361
"1422","2015-06-11",4,28,145,597,9.63499111900533
"1423","2015-06-11",4,32,202,585,9.86046511627907
"1424","2015-06-11",4,33,26,433,14.6396396396396
"1425","2015-06-12",5,8,297,633,9.76629974597799
"1426","2015-06-12",5,28,165,628,9.73599320882852
"1427","2015-06-12",5,32,231,617,9.81627296587926
"1428","2015-06-12",5,33,15,445,14.3978723404255
"1429","2015-06-15",1,8,381,655,9.33883647798742
"1430","2015-06-15",1,28,144,656,9.24688473520249
"1431","2015-06-15",1,32,240,642,9.3768
"1432","2015-06-15",1,33,16,367,13.993119266055
"1433","2015-06-16",2,8,327,648,8.13243457573354
"1434","2015-06-16",2,28,131,640,7.87409783480353
"1435","2015-06-16",2,32,238,628,7.97770437654831
"1436","2015-06-16",2,33,26,398,12.5130641330166
"1437","2015-06-17",3,8,317,599,7.88333333333333
"1438","2015-06-17",3,28,149,600,7.63710333604557
"1439","2015-06-17",3,32,252,584,7.63308144416457
"1440","2015-06-17",3,33,19,416,13.6290672451193
"1441","2015-06-18",4,8,276,581,10.1447245564893
"1442","2015-06-18",4,28,131,612,9.62433862433863
"1443","2015-06-18",4,32,220,596,9.94161260426321
"1444","2015-06-18",4,33,27,463,14.3675213675214
"1445","2015-06-19",5,8,254,568,11.8301698301698
"1446","2015-06-19",5,28,124,567,11.902538071066
"1447","2015-06-19",5,32,155,553,12.1016949152542
"1448","2015-06-19",5,33,20,403,16.319783197832
"1449","2015-06-22",1,8,229,549,12.4042988741044
"1450","2015-06-22",1,28,179,560,12.1923847695391
"1451","2015-06-22",1,32,167,549,12.3145833333333
"1452","2015-06-22",1,33,19,401,15.7405541561713
"1453","2015-06-23",2,8,261,606,11.9474178403756
"1454","2015-06-23",2,28,167,625,12.0734463276836
"1455","2015-06-23",2,32,162,614,12.2288801571709
"1456","2015-06-23",2,33,14,444,15.8753180661578
"1457","2015-06-24",3,8,278,641,11.0252935862692
"1458","2015-06-24",3,28,159,667,10.7626086956522
"1459","2015-06-24",3,32,166,658,10.879746835443
"1460","2015-06-24",3,33,31,493,14.8842794759825
"1461","2015-06-25",4,8,276,596,9.97714808043876
"1462","2015-06-25",4,28,160,623,9.73396880415945
"1463","2015-06-25",4,32,226,614,9.96229802513465
"1464","2015-06-25",4,33,24,470,14.3780487804878
"1465","2015-06-26",5,8,256,578,11.7580174927114
"1466","2015-06-26",5,28,134,591,11.5282485875706
"1467","2015-06-26",5,32,192,577,11.7333333333333
"1468","2015-06-26",5,33,25,430,15.0681318681319
"1469","2015-06-29",1,8,241,590,12.0997095837367
"1470","2015-06-29",1,28,150,596,12.2176470588235
"1471","2015-06-29",1,32,148,579,12.3641078838174
"1472","2015-06-29",1,33,17,417,15.9296875
"1473","2015-06-30",2,8,231,596,13.3577235772358
"1474","2015-06-30",2,28,129,595,13.0370741482966
"1475","2015-06-30",2,32,177,577,13.0993723849372
"1476","2015-06-30",2,33,14,423,16.1218905472637
"1477","2015-07-01",3,8,260,583,12.3624754420432
"1478","2015-07-01",3,28,152,591,12.2768791627022
"1479","2015-07-01",3,32,168,581,12.3261083743842
"1480","2015-07-01",3,33,15,441,15.609865470852
"1481","2015-07-02",4,8,196,466,15.2835249042146
"1482","2015-07-02",4,28,122,460,15.1295811518325
"1483","2015-07-02",4,32,107,443,15.4193103448276
"1484","2015-07-02",4,33,16,322,18.6464285714286
"1485","2015-07-06",1,8,219,421,11.5832223701731
"1486","2015-07-06",1,28,100,420,11.8230563002681
"1487","2015-07-06",1,32,165,407,11.9447592067989
"1488","2015-07-06",1,33,14,289,15.076124567474
"1489","2015-07-07",2,8,288,627,9.32327243844321
"1490","2015-07-07",2,28,192,620,9.34112903225807
"1491","2015-07-07",2,32,223,608,9.29421487603306
"1492","2015-07-07",2,33,15,443,12.7454545454545
"1493","2015-07-08",3,8,262,630,12.9648622981956
"1494","2015-07-08",3,28,158,639,12.9980732177264
"1495","2015-07-08",3,32,157,632,13.1062562065541
"1496","2015-07-08",3,33,18,486,17.3455882352941
"1497","2015-07-09",4,8,268,610,11.5845454545455
"1498","2015-07-09",4,28,156,609,11.7785046728972
"1499","2015-07-09",4,32,212,595,11.9457364341085
"1500","2015-07-09",4,33,14,436,16.175355450237
"1501","2015-07-10",5,8,240,552,12.2736156351792
"1502","2015-07-10",5,28,122,567,13.3249475890985
"1503","2015-07-10",5,32,146,551,13.445796460177
"1504","2015-07-10",5,33,27,404,17.1095890410959
"1505","2015-07-13",1,8,245,483,10.0227272727273
"1506","2015-07-13",1,28,141,506,9.87435098650052
"1507","2015-07-13",1,32,192,490,10.0996784565916
"1508","2015-07-13",1,33,20,372,13.7382075471698
"1509","2015-07-14",2,8,197,469,10.4477958236659
"1510","2015-07-14",2,28,129,487,10.1511111111111
"1511","2015-07-14",2,32,168,480,10.337543053961
"1512","2015-07-14",2,33,16,356,15.6739726027397
"1513","2015-07-15",3,8,199,445,9.81190476190476
"1514","2015-07-15",3,28,143,454,9.53233256351039
"1515","2015-07-15",3,32,159,437,9.63069544364508
"1516","2015-07-15",3,33,12,339,13.6043956043956
"1517","2015-07-16",4,8,219,502,11.1447368421053
"1518","2015-07-16",4,28,133,504,10.890590809628
"1519","2015-07-16",4,32,158,494,10.9359267734554
"1520","2015-07-16",4,33,11,374,14.8684210526316
"1521","2015-07-17",5,8,193,377,9.88756613756614
"1522","2015-07-17",5,28,95,374,9.97596795727637
"1523","2015-07-17",5,32,145,363,10.2755244755245
"1524","2015-07-17",5,33,20,260,14.9230769230769
"1525","2015-07-20",1,8,232,557,12.4100204498978
"1526","2015-07-20",1,28,155,553,12.3291925465839
"1527","2015-07-20",1,32,147,546,12.5362946912243
"1528","2015-07-20",1,33,14,404,15.7609254498715
"1529","2015-07-21",2,8,251,575,13.25442043222
"1530","2015-07-21",2,28,147,579,13.13353115727
"1531","2015-07-21",2,32,154,562,13.2572314049587
"1532","2015-07-21",2,33,23,403,17.08
"1533","2015-07-22",3,8,282,611,11.8028545941124
"1534","2015-07-22",3,28,153,604,11.8130155820348
"1535","2015-07-22",3,32,185,588,11.9961904761905
"1536","2015-07-22",3,33,15,444,17.0843672456576
"1537","2015-07-23",4,8,271,653,11.8166368515206
"1538","2015-07-23",4,28,141,650,11.7800904977376
"1539","2015-07-23",4,32,178,639,11.9671977507029
"1540","2015-07-23",4,33,20,467,15.2028301886792
"1541","2015-07-24",5,8,218,550,12.6585623678647
"1542","2015-07-24",5,28,126,559,11.8399146211313
"1543","2015-07-24",5,32,190,550,12.0011223344557
"1544","2015-07-24",5,33,15,393,13.9246753246753
"1545","2015-07-27",1,8,212,535,12.3314087759815
"1546","2015-07-27",1,28,125,531,12.3557126030624
"1547","2015-07-27",1,32,129,516,12.5240443896424
"1548","2015-07-27",1,33,13,351,14.15
"1549","2015-07-28",2,8,250,658,12.1589882565492
"1550","2015-07-28",2,28,141,657,12.1817351598174
"1551","2015-07-28",2,32,173,650,12.2509433962264
"1552","2015-07-28",2,33,18,488,15.5954545454545
"1553","2015-07-29",3,8,294,676,9.77750611246944
"1554","2015-07-29",3,28,172,677,9.85311203319502
"1555","2015-07-29",3,32,207,657,10.0577427821522
"1556","2015-07-29",3,33,16,508,13.3257731958763
"1557","2015-07-30",4,8,279,614,10.3182640144665
"1558","2015-07-30",4,28,141,616,10.3590449954086
"1559","2015-07-30",4,32,177,604,10.4569789674952
"1560","2015-07-30",4,33,14,444,15.3398058252427
"1561","2015-07-31",5,8,256,577,12.6510416666667
"1562","2015-07-31",5,28,108,574,12.5172413793103
"1563","2015-07-31",5,32,143,555,12.6195175438596
"1564","2015-07-31",5,33,17,400,16.3314763231198
"1565","2015-08-03",1,8,239,535,11.6115261472785
"1566","2015-08-03",1,28,128,528,11.5906623235613
"1567","2015-08-03",1,32,168,509,11.8741418764302
"1568","2015-08-03",1,33,15,363,14.9325842696629
"1569","2015-08-04",2,8,284,587,13.1579961464355
"1570","2015-08-04",2,28,109,582,13.1051080550098
"1571","2015-08-04",2,32,159,574,13.3071428571429
"1572","2015-08-04",2,33,11,397,16.9563953488372
"1573","2015-08-05",3,8,246,581,12.7287128712871
"1574","2015-08-05",3,28,121,585,12.6071076011846
"1575","2015-08-05",3,32,165,574,12.6264189886481
"1576","2015-08-05",3,33,18,404,16.7513812154696
"1577","2015-08-06",4,8,239,600,13.3526473526474
"1578","2015-08-06",4,28,125,596,13.0702647657841
"1579","2015-08-06",4,32,171,581,13.0992529348986
"1580","2015-08-06",4,33,13,407,16.0848806366048
"1581","2015-08-07",5,8,235,526,12.8173076923077
"1582","2015-08-07",5,28,123,530,12.584388185654
"1583","2015-08-07",5,32,167,515,12.5764966740576
"1584","2015-08-07",5,33,19,374,16.1871657754011
"1585","2015-08-10",1,8,229,515,13.5685005393743
"1586","2015-08-10",1,28,142,504,13.671096345515
"1587","2015-08-10",1,32,130,493,13.9037122969838
"1588","2015-08-10",1,33,11,345,17.0769230769231
"1589","2015-08-11",2,8,239,610,12.6360116166505
"1590","2015-08-11",2,28,139,603,12.4990099009901
"1591","2015-08-11",2,32,158,587,12.5495403472932
"1592","2015-08-11",2,33,9,435,16.4627249357326
"1593","2015-08-12",3,8,259,603,12.0892857142857
"1594","2015-08-12",3,28,145,603,11.9119318181818
"1595","2015-08-12",3,32,167,595,11.9113924050633
"1596","2015-08-12",3,33,13,459,15.7009803921569
"1597","2015-08-13",4,8,263,625,11.7813911472448
"1598","2015-08-13",4,28,158,625,11.8505850585059
"1599","2015-08-13",4,32,189,614,11.8852611940299
"1600","2015-08-13",4,33,15,472,15.8297872340426
"1601","2015-08-14",5,8,230,503,11.8252212389381
"1602","2015-08-14",5,28,122,506,11.784140969163
"1603","2015-08-14",5,32,172,498,11.8227848101266
"1604","2015-08-14",5,33,21,348,15.7873563218391
"1605","2015-08-17",1,8,222,537,12.9707792207792
"1606","2015-08-17",1,28,107,538,13.179203539823
"1607","2015-08-17",1,32,163,527,13.2798165137615
"1608","2015-08-17",1,33,25,367,15.7958115183246
"1609","2015-08-18",2,8,269,642,10.8820422535211
"1610","2015-08-18",2,28,154,649,10.6359687228497
"1611","2015-08-18",2,32,199,632,10.6980961015413
"1612","2015-08-18",2,33,15,459,14.7982261640798
"1613","2015-08-19",3,8,276,581,12.1157495256167
"1614","2015-08-19",3,28,151,590,11.7842401500938
"1615","2015-08-19",3,32,169,576,11.7743190661479
"1616","2015-08-19",3,33,14,422,15.0823244552058
"1617","2015-08-20",4,8,291,566,11.3782735208535
"1618","2015-08-20",4,28,114,598,11.1911487758945
"1619","2015-08-20",4,32,194,583,11.306640625
"1620","2015-08-20",4,33,19,424,14.6953316953317
"1621","2015-08-21",5,8,242,545,11.2569892473118
"1622","2015-08-21",5,28,115,571,10.9434554973822
"1623","2015-08-21",5,32,162,555,11.8928961748634
"1624","2015-08-21",5,33,10,408,16.202216066482
"1625","2015-08-24",1,8,201,541,12.6373507057546
"1626","2015-08-24",1,28,149,534,12.5214994487321
"1627","2015-08-24",1,32,151,522,12.5956719817768
"1628","2015-08-24",1,33,15,363,15.5710382513661
"1629","2015-08-25",2,8,231,586,12.2872763419483
"1630","2015-08-25",2,28,142,580,12.0926485397785
"1631","2015-08-25",2,32,165,563,12.309375
"1632","2015-08-25",2,33,10,411,16.6630434782609
"1633","2015-08-26",3,8,258,589,12.4775977121068
"1634","2015-08-26",3,28,145,580,12.1558935361217
"1635","2015-08-26",3,32,182,564,12.1859545004946
"1636","2015-08-26",3,33,13,415,16.1331775700935
"1637","2015-08-27",4,8,277,633,11.2235401459854
"1638","2015-08-27",4,28,143,631,11.1972222222222
"1639","2015-08-27",4,32,182,618,11.3850574712644
"1640","2015-08-27",4,33,10,446,12.6469248291572
"1641","2015-08-28",5,8,252,528,13.1275899672846
"1642","2015-08-28",5,28,107,522,13.3765227021041
"1643","2015-08-28",5,32,145,511,13.4726426076834
"1644","2015-08-28",5,33,14,356,16.3614457831325
"1645","2015-08-31",1,8,206,526,13.2460850111857
"1646","2015-08-31",1,28,133,517,13.2031425364759
"1647","2015-08-31",1,32,157,510,13.3904428904429
"1648","2015-08-31",1,33,12,332,17.5103244837758
"1649","2015-09-01",2,8,237,630,12.2189716312057
"1650","2015-09-01",2,28,150,631,12.1908190819082
"1651","2015-09-01",2,32,173,619,12.2590529247911
"1652","2015-09-01",2,33,17,454,16.2442922374429
"1653","2015-09-02",3,8,261,614,11.5239385727191
"1654","2015-09-02",3,28,157,616,11.3041516245487
"1655","2015-09-02",3,32,192,610,11.3676333021515
"1656","2015-09-02",3,33,17,459,14.9187358916479
"1657","2015-09-03",4,8,241,639,11.2676812891674
"1658","2015-09-03",4,28,160,630,11.2192902638763
"1659","2015-09-03",4,32,193,612,11.3059490084986
"1660","2015-09-03",4,33,12,473,15.3723653395785
"1661","2015-09-04",5,8,183,458,13.3514588859416
"1662","2015-09-04",5,28,103,451,13.6597796143251
"1663","2015-09-04",5,32,107,440,13.7481910274964
"1664","2015-09-04",5,33,11,313,16.7228070175439
"1665","2015-09-08",2,8,219,548,11.6288117770768
"1666","2015-09-08",2,28,153,538,11.663856691254
"1667","2015-09-08",2,32,154,526,11.9723756906077
"1668","2015-09-08",2,33,10,378,15.462962962963
"1669","2015-09-09",3,8,263,590,12.4207436399217
"1670","2015-09-09",3,28,150,592,12.2274509803922
"1671","2015-09-09",3,32,147,572,12.3605720122574
"1672","2015-09-09",3,33,15,409,17.3172804532578
"1673","2015-09-10",4,8,249,628,11.1842818428184
"1674","2015-09-10",4,28,143,643,11.2343470483005
"1675","2015-09-10",4,32,184,629,11.2476722532588
"1676","2015-09-10",4,33,18,464,15.4624145785877
"1677","2015-09-11",5,8,238,532,7.83460076045627
"1678","2015-09-11",5,28,178,537,7.74976830398517
"1679","2015-09-11",5,32,209,519,7.85361216730038
"1680","2015-09-11",5,33,25,401,13.3752535496957
"1681","2015-09-14",1,8,220,528,11.0665950590763
"1682","2015-09-14",1,28,134,559,11.3251028806584
"1683","2015-09-14",1,32,175,545,11.3802966101695
"1684","2015-09-14",1,33,22,415,14.9906323185012
"1685","2015-09-15",2,8,280,593,9.85796545105566
"1686","2015-09-15",2,28,175,658,9.82504440497336
"1687","2015-09-15",2,32,183,644,9.90009250693802
"1688","2015-09-15",2,33,21,505,14.4385245901639
"1689","2015-09-16",3,8,268,509,9.34925373134328
"1690","2015-09-16",3,28,157,540,9.20519962859796
"1691","2015-09-16",3,32,203,532,9.33812260536398
"1692","2015-09-16",3,33,24,405,13.7002288329519
"1693","2015-09-17",4,8,274,573,9.04849039341263
"1694","2015-09-17",4,28,136,631,9.00087950747581
"1695","2015-09-17",4,32,266,624,9.07574391343553
"1696","2015-09-17",4,33,28,471,13.6756756756757
"1697","2015-09-18",5,8,289,511,10.0519877675841
"1698","2015-09-18",5,28,123,547,10.1362745098039
"1699","2015-09-18",5,32,207,532,10.2123983739837
"1700","2015-09-18",5,33,16,370,15.6105263157895
"1701","2015-09-21",1,8,228,529,10.5568544102019
"1702","2015-09-21",1,28,138,522,10.4668838219327
"1703","2015-09-21",1,32,161,506,10.4542372881356
"1704","2015-09-21",1,33,11,365,14.9810298102981
"1705","2015-09-22",2,8,253,617,12.152427184466
"1706","2015-09-22",2,28,149,613,12.1237816764133
"1707","2015-09-22",2,32,174,603,12.251256281407
"1708","2015-09-22",2,33,16,432,15.8638743455497
"1709","2015-09-23",3,8,228,587,11.019550342131
"1710","2015-09-23",3,28,131,580,10.803536345776
"1711","2015-09-23",3,32,182,569,10.9633027522936
"1712","2015-09-23",3,33,10,424,15.118932038835
"1713","2015-09-24",4,8,214,474,8.86158798283262
"1714","2015-09-24",4,28,132,476,9.01827956989247
"1715","2015-09-24",4,32,198,472,9.15171650055371
"1716","2015-09-24",4,33,8,364,13.8492462311558
"1717","2015-09-25",5,8,238,523,10.7743271221532
"1718","2015-09-25",5,28,147,520,10.8134715025907
"1719","2015-09-25",5,32,181,508,10.9849785407725
"1720","2015-09-25",5,33,12,373,14.469696969697
"1721","2015-09-28",1,8,226,527,10.2464558342421
"1722","2015-09-28",1,28,149,595,10.1214771622935
"1723","2015-09-28",1,32,201,580,11.1977911646586
"1724","2015-09-28",1,33,20,447,14.6567796610169
"1725","2015-09-29",2,8,274,582,9.67847411444142
"1726","2015-09-29",2,28,154,651,9.0032154340836
"1727","2015-09-29",2,32,224,645,9.11522633744856
"1728","2015-09-29",2,33,28,478,13.7635009310987
"1729","2015-09-30",3,8,282,541,9.14456721915285
"1730","2015-09-30",3,28,138,583,8.62361937128292
"1731","2015-09-30",3,32,229,580,8.80293863439931
"1732","2015-09-30",3,33,27,444,14.5368852459016
"1733","2015-10-01",4,8,260,547,9.47267497603068
"1734","2015-10-01",4,28,147,558,9.29549718574109
"1735","2015-10-01",4,32,205,542,9.46944713870029
"1736","2015-10-01",4,33,14,410,14.6563876651982
"1737","2015-10-02",5,8,261,579,11.5835806132542
"1738","2015-10-02",5,28,155,572,11.5004975124378
"1739","2015-10-02",5,32,173,560,11.6773526370217
"1740","2015-10-02",5,33,13,389,15.6767123287671
"1741","2015-10-05",1,8,209,543,11.535490605428
"1742","2015-10-05",1,28,153,573,11.1483300589391
"1743","2015-10-05",1,32,167,554,11.2706002034588
"1744","2015-10-05",1,33,19,421,15.3333333333333
"1745","2015-10-06",2,8,273,592,10.3067873303167
"1746","2015-10-06",2,28,180,638,9.77114427860696
"1747","2015-10-06",2,32,208,623,9.87553282182438
"1748","2015-10-06",2,33,30,471,14.14
"1749","2015-10-07",3,8,297,595,10.2357798165138
"1750","2015-10-07",3,28,160,623,9.9896013864818
"1751","2015-10-07",3,32,189,613,10.106856634016
"1752","2015-10-07",3,33,21,448,14.0619469026549
"1753","2015-10-08",4,8,178,370,7.07722513089005
"1754","2015-10-08",4,28,129,387,7.05962732919255
"1755","2015-10-08",4,32,142,378,7.11959287531807
"1756","2015-10-08",4,33,9,307,11.5279329608939
"1757","2015-10-09",5,8,241,572,11.8467824310521
"1758","2015-10-09",5,28,165,589,11.7992007992008
"1759","2015-10-09",5,32,170,576,11.8983572895277
"1760","2015-10-09",5,33,18,403,14.7686746987952
"1761","2015-10-12",1,8,188,428,13.7734056987788
"1762","2015-10-12",1,28,112,433,14
"1763","2015-10-12",1,32,148,423,14.0709117221418
"1764","2015-10-12",1,33,9,309,17.0138408304498
"1765","2015-10-13",2,8,217,560,10.0064935064935
"1766","2015-10-13",2,28,155,565,10.1880184331797
"1767","2015-10-13",2,32,200,550,10.3046800382044
"1768","2015-10-13",2,33,18,419,14.6703056768559
"1769","2015-10-14",3,8,284,615,10.0486169321039
"1770","2015-10-14",3,28,160,646,9.88773055332799
"1771","2015-10-14",3,32,232,636,10.045864045864
"1772","2015-10-14",3,33,21,494,15.2485436893204
"1773","2015-10-15",4,8,296,625,9.86224934612031
"1774","2015-10-15",4,28,156,680,9.58190709046455
"1775","2015-10-15",4,32,225,670,10.4167364016736
"1776","2015-10-15",4,33,21,526,14.1719038817006
"1777","2015-10-16",5,8,259,515,9.91326021934197
"1778","2015-10-16",5,28,134,555,9.22371967654987
"1779","2015-10-16",5,32,230,539,9.26256983240224
"1780","2015-10-16",5,33,30,413,14.3828451882845
"1781","2015-10-19",1,8,235,544,11.2251256281407
"1782","2015-10-19",1,28,156,559,11.0384985563041
"1783","2015-10-19",1,32,177,546,11.2430278884462
"1784","2015-10-19",1,33,23,419,14.864406779661
"1785","2015-10-20",2,8,280,635,10.626079447323
"1786","2015-10-20",2,28,159,672,10.2595918367347
"1787","2015-10-20",2,32,193,660,10.3010933557611
"1788","2015-10-20",2,33,19,498,15.3721413721414
"1789","2015-10-21",3,8,244,506,8.96770938446014
"1790","2015-10-21",3,28,162,517,8.77077363896848
"1791","2015-10-21",3,32,219,504,9.0019550342131
"1792","2015-10-21",3,33,16,401,14.2439516129032
"1793","2015-10-22",4,8,251,554,10.1
"1794","2015-10-22",4,28,145,560,9.99018645731109
"1795","2015-10-22",4,32,182,541,10.1428571428571
"1796","2015-10-22",4,33,22,406,13.9951100244499
"1797","2015-10-23",5,8,238,568,11.1225868725869
"1798","2015-10-23",5,28,148,574,11.1481122942885
"1799","2015-10-23",5,32,181,555,11.2193158953722
"1800","2015-10-23",5,33,16,390,13.8811659192825
"1801","2015-10-26",1,8,223,538,11.6845915201655
"1802","2015-10-26",1,28,151,558,11.5744047619048
"1803","2015-10-26",1,32,181,543,11.6666666666667
"1804","2015-10-26",1,33,26,387,16.7794871794872
"1805","2015-10-27",2,8,271,576,10.8985915492958
"1806","2015-10-27",2,28,119,590,10.923006416132
"1807","2015-10-27",2,32,200,585,11.1801715919924
"1808","2015-10-27",2,33,24,413,15.5800464037123
"1809","2015-10-28",3,8,230,499,8.49656526005888
"1810","2015-10-28",3,28,134,503,8.26386233269598
"1811","2015-10-28",3,32,227,494,8.37193326790972
"1812","2015-10-28",3,33,26,378,13.2135523613963
"1813","2015-10-29",4,8,290,625,9.93755135579293
"1814","2015-10-29",4,28,167,629,9.94805194805195
"1815","2015-10-29",4,32,219,616,10.1819727891156
"1816","2015-10-29",4,33,14,453,15.0468431771894
"1817","2015-10-30",5,8,215,598,12.1198465963567
"1818","2015-10-30",5,28,133,590,12.0465567410281
"1819","2015-10-30",5,32,176,580,12.113567839196
"1820","2015-10-30",5,33,16,397,16.3994974874372
"1821","2015-11-02",1,8,218,538,14.0136674259681
"1822","2015-11-02",1,28,127,569,13.4569606801275
"1823","2015-11-02",1,32,138,556,13.648737650933
"1824","2015-11-02",1,33,13,392,15.9666666666667
"1825","2015-11-03",2,8,291,612,11.8728737690242
"1826","2015-11-03",2,28,193,631,11.9083904109589
"1827","2015-11-03",2,32,210,617,12.1047027506655
"1828","2015-11-03",2,33,19,466,15.3354166666667
"1829","2015-11-04",3,8,281,580,11.4313186813187
"1830","2015-11-04",3,28,146,605,11.0226678291194
"1831","2015-11-04",3,32,183,595,11.3550135501355
"1832","2015-11-04",3,33,24,434,15.8711790393013
"1833","2015-11-05",4,8,257,623,11.5520833333333
"1834","2015-11-05",4,28,121,640,11.4169708029197
"1835","2015-11-05",4,32,202,627,11.4780168381665
"1836","2015-11-05",4,33,23,477,16.4272076372315
"1837","2015-11-06",5,8,224,552,11.8824721377913
"1838","2015-11-06",5,28,168,579,11.994094488189
"1839","2015-11-06",5,32,169,570,12.1520408163265
"1840","2015-11-06",5,33,17,424,16.2943925233645
"1841","2015-11-09",1,8,241,479,11.089800443459
"1842","2015-11-09",1,28,138,517,11.0201005025126
"1843","2015-11-09",1,32,196,507,11.0072689511942
"1844","2015-11-09",1,33,27,381,16.0594059405941
"1845","2015-11-10",2,8,288,577,10.9478672985782
"1846","2015-11-10",2,28,164,670,10.8152364273205
"1847","2015-11-10",2,32,199,652,10.8684210526316
"1848","2015-11-10",2,33,15,492,12.9177215189873
"1849","2015-11-11",3,8,265,536,11.6168224299065
"1850","2015-11-11",3,28,160,613,11.4367924528302
"1851","2015-11-11",3,32,193,604,11.6158301158301
"1852","2015-11-11",3,33,17,466,15.5555555555556
"1853","2015-11-12",4,8,276,558,9.86770428015564
"1854","2015-11-12",4,28,145,599,9.60834088848595
"1855","2015-11-12",4,32,219,589,9.74812734082397
"1856","2015-11-12",4,33,25,442,14.1214750542299
"1857","2015-11-13",5,8,267,567,11.1539196940727
"1858","2015-11-13",5,28,135,568,10.9895536562203
"1859","2015-11-13",5,32,195,555,11.0990196078431
"1860","2015-11-13",5,33,17,407,15.95085995086
"1861","2015-11-16",1,8,202,509,12.2534562211982
"1862","2015-11-16",1,28,164,507,12.0431235431235
"1863","2015-11-16",1,32,143,493,12.1506682867558
"1864","2015-11-16",1,33,16,350,15.1227154046997
"1865","2015-11-17",2,8,304,638,10.3979416809605
"1866","2015-11-17",2,28,171,649,10.2558922558923
"1867","2015-11-17",2,32,190,642,10.3602751504729
"1868","2015-11-17",2,33,22,466,14.8795918367347
"1869","2015-11-18",3,8,290,616,9.72586206896552
"1870","2015-11-18",3,28,156,653,9.7022518765638
"1871","2015-11-18",3,32,199,646,9.77463581833762
"1872","2015-11-18",3,33,14,494,14.2960784313725
"1873","2015-11-19",4,8,308,673,10.7774086378738
"1874","2015-11-19",4,28,164,716,10.6994448850119
"1875","2015-11-19",4,32,216,703,10.7854251012146
"1876","2015-11-19",4,33,21,526,14.2385496183206
"1877","2015-11-20",5,8,245,598,9.6343779677113
"1878","2015-11-20",5,28,148,593,9.63092979127135
"1879","2015-11-20",5,32,176,584,9.6508875739645
"1880","2015-11-20",5,33,17,419,15.0825471698113
"1881","2015-11-23",1,8,197,582,13.0822596630327
"1882","2015-11-23",1,28,148,582,13.0331658291457
"1883","2015-11-23",1,32,140,560,13.0231822971549
"1884","2015-11-23",1,33,21,394,16.0433734939759
"1885","2015-11-24",2,8,192,514,14.2596810933941
"1886","2015-11-24",2,28,136,516,14.1108597285068
"1887","2015-11-24",2,32,128,501,14.3412322274882
"1888","2015-11-24",2,33,22,353,16.8904494382022
"1889","2015-11-30",1,8,297,501,11.6694736842105
"1890","2015-11-30",1,28,152,607,11.6194852941176
"1891","2015-11-30",1,32,186,598,11.6644359464627
"1892","2015-11-30",1,33,26,465,15.5754923413567
"1893","2015-12-01",2,8,294,552,10.0887021475257
"1894","2015-12-01",2,28,158,649,9.83333333333333
"1895","2015-12-01",2,32,247,641,9.97700170357751
"1896","2015-12-01",2,33,23,513,14.3839122486289
"1897","2015-12-02",3,8,255,543,8.34254143646409
"1898","2015-12-02",3,28,166,579,7.40687919463087
"1899","2015-12-02",3,32,223,561,7.38
"1900","2015-12-02",3,33,22,444,11.3219424460432
"1901","2015-12-03",4,8,302,585,9.68421052631579
"1902","2015-12-03",4,28,181,612,9.51404958677686
"1903","2015-12-03",4,32,241,601,9.69399830938293
"1904","2015-12-03",4,33,20,459,13.614953271028
"1905","2015-12-04",5,8,292,573,10.0746402877698
"1906","2015-12-04",5,28,155,583,9.13723776223776
"1907","2015-12-04",5,32,218,566,9.36505032021958
"1908","2015-12-04",5,33,20,416,14.9116997792494
"1909","2015-12-07",1,8,229,547,11.9872298624754
"1910","2015-12-07",1,28,157,534,11.8255698711596
"1911","2015-12-07",1,32,173,521,12.0040941658137
"1912","2015-12-07",1,33,15,363,15.3890274314214
"1913","2015-12-08",2,8,266,609,11.728
"1914","2015-12-08",2,28,154,606,11.7074707470747
"1915","2015-12-08",2,32,166,597,11.8894095595127
"1916","2015-12-08",2,33,16,455,15.4145199063232
"1917","2015-12-09",3,8,251,605,10.2953736654804
"1918","2015-12-09",3,28,157,607,10.5270629991127
"1919","2015-12-09",3,32,184,592,10.6972222222222
"1920","2015-12-09",3,33,17,438,15.3556085918854
"1921","2015-12-10",4,8,266,653,11.2947277441659
"1922","2015-12-10",4,28,167,648,11.2710686359687
"1923","2015-12-10",4,32,177,632,11.311992786294
"1924","2015-12-10",4,33,18,481,15.0155555555556
"1925","2015-12-11",5,8,225,556,11.4644644644645
"1926","2015-12-11",5,28,155,546,11.4876288659794
"1927","2015-12-11",5,32,140,532,11.633909287257
"1928","2015-12-11",5,33,11,400,16.6205128205128
"1929","2015-12-14",1,8,222,605,11.8914069877243
"1930","2015-12-14",1,28,179,603,11.8005752636625
"1931","2015-12-14",1,32,159,588,11.8278606965174
"1932","2015-12-14",1,33,13,421,15.3454106280193
"1933","2015-12-15",2,8,261,663,12.1806722689076
"1934","2015-12-15",2,28,159,656,12.1033304867635
"1935","2015-12-15",2,32,183,634,12.2375444839858
"1936","2015-12-15",2,33,8,456,15.2617021276596
"1937","2015-12-16",3,8,260,640,11.0719794344473
"1938","2015-12-16",3,28,184,640,10.9212328767123
"1939","2015-12-16",3,32,202,630,11.1417112299465
"1940","2015-12-16",3,33,20,482,15.75
"1941","2015-12-17",4,8,278,655,10.0665584415584
"1942","2015-12-17",4,28,195,667,9.98645418326693
"1943","2015-12-17",4,32,197,658,10.1551155115512
"1944","2015-12-17",4,33,26,479,14.9315315315315
"1945","2015-12-18",5,8,274,599,11.2984670874662
"1946","2015-12-18",5,28,173,616,11.3572060123784
"1947","2015-12-18",5,32,148,604,11.4815837937385
"1948","2015-12-18",5,33,11,422,14.5802997858672
"1949","2015-12-21",1,8,226,545,12.449806949807
"1950","2015-12-21",1,28,168,533,12.4974974974975
"1951","2015-12-21",1,32,162,523,12.4242424242424
"1952","2015-12-21",1,33,9,375,15.2188940092166
"1953","2015-12-22",2,8,155,433,14.9073604060914
"1954","2015-12-22",2,28,128,437,14.6900129701686
"1955","2015-12-22",2,32,114,427,14.721399730821
"1956","2015-12-22",2,33,12,296,16.605421686747
